sample,subject,level,laterality,sex,nerve_diameter_um,n_fascicles,fascicle_id,centroid_y_um,centroid_z_um,diameter_um,area_um2
P5-1,sub-5,cervical,left,female,1979.78,33,1,-445.35,342.36,286.43,64437.85
P5-1,sub-5,cervical,left,female,1979.78,33,2,-722.73,237.87,281.88,62405.66
P5-1,sub-5,cervical,left,female,1979.78,33,3,63.66,-6.64,237.49,44298.98
P5-1,sub-5,cervical,left,female,1979.78,33,4,180.7,-335.61,236.96,44099.21
P5-1,sub-5,cervical,left,female,1979.78,33,5,-1473.3,349.31,235.65,43614.69
P5-1,sub-5,cervical,left,female,1979.78,33,6,-313.93,-64.49,221.08,38387.12
P5-1,sub-5,cervical,left,female,1979.78,33,7,-1074.98,216.73,218.08,37351.98
P5-1,sub-5,cervical,left,female,1979.78,33,8,939.44,-415.92,206.93,33632.35
P5-1,sub-5,cervical,left,female,1979.78,33,9,1290.0,-498.3,204.17,32739.33
P5-1,sub-5,cervical,left,female,1979.78,33,10,842.73,42.3,202.92,32339.19
P5-1,sub-5,cervical,left,female,1979.78,33,11,426.27,-26.96,200.89,31696.22
P5-1,sub-5,cervical,left,female,1979.78,33,12,-1362.79,150.38,173.49,23639.47
P5-1,sub-5,cervical,left,female,1979.78,33,13,-527.74,-98.02,170.78,22906.09
P5-1,sub-5,cervical,left,female,1979.78,33,14,-907.29,8.29,170.75,22899.69
P5-1,sub-5,cervical,left,female,1979.78,33,15,319.09,247.86,163.97,21115.81
P5-1,sub-5,cervical,left,female,1979.78,33,16,-1160.23,40.32,161.07,20377.21
P5-1,sub-5,cervical,left,female,1979.78,33,17,718.38,-61.48,157.23,19416.79
P5-1,sub-5,cervical,left,female,1979.78,33,18,1478.29,-363.58,155.37,18959.37
P5-1,sub-5,cervical,left,female,1979.78,33,19,851.01,-195.94,150.69,17834.28
P5-1,sub-5,cervical,left,female,1979.78,33,20,1313.22,-184.69,150.0,17670.62
P5-1,sub-5,cervical,left,female,1979.78,33,21,1142.14,-345.06,139.66,15319.94
P5-1,sub-5,cervical,left,female,1979.78,33,22,102.03,276.27,137.57,14864.84
P5-1,sub-5,cervical,left,female,1979.78,33,23,1157.81,-88.09,128.58,12985.02
P5-1,sub-5,cervical,left,female,1979.78,33,24,404.17,121.6,126.1,12488.16
P5-1,sub-5,cervical,left,female,1979.78,33,25,-704.29,39.4,123.83,12042.41
P5-1,sub-5,cervical,left,female,1979.78,33,26,1155.46,-194.1,107.8,9126.53
P5-1,sub-5,cervical,left,female,1979.78,33,27,1472.69,-155.0,103.58,8425.87
P5-1,sub-5,cervical,left,female,1979.78,33,28,1347.3,-328.98,103.32,8384.48
P5-1,sub-5,cervical,left,female,1979.78,33,29,1360.53,-83.57,90.1,6375.74
P5-1,sub-5,cervical,left,female,1979.78,33,30,1632.74,-376.16,83.53,5480.38
P5-1,sub-5,cervical,left,female,1979.78,33,31,1527.89,-253.09,81.33,5195.02
P5-1,sub-5,cervical,left,female,1979.78,33,32,741.91,-269.37,58.99,2733.26
P5-1,sub-5,cervical,left,female,1979.78,33,33,275.9,164.3,50.31,1988.16
P6-7,sub-6,cervical,left,female,2624.31,43,1,106.76,479.19,401.5,126606.8
P6-7,sub-6,cervical,left,female,2624.31,43,2,-144.4,-738.12,264.28,54854.69
P6-7,sub-6,cervical,left,female,2624.31,43,3,-1150.01,-148.03,255.18,51140.68
P6-7,sub-6,cervical,left,female,2624.31,43,4,587.85,49.12,248.44,48477.04
P6-7,sub-6,cervical,left,female,2624.31,43,5,-1382.33,52.68,245.69,47411.34
P6-7,sub-6,cervical,left,female,2624.31,43,6,-1052.16,85.45,245.65,47393.61
P6-7,sub-6,cervical,left,female,2624.31,43,7,-1331.49,-510.52,244.77,47055.41
P6-7,sub-6,cervical,left,female,2624.31,43,8,-1591.28,233.08,243.68,46636.39
P6-7,sub-6,cervical,left,female,2624.31,43,9,112.87,-61.3,230.72,41807.57
P6-7,sub-6,cervical,left,female,2624.31,43,10,234.16,-187.62,229.52,41374.72
P6-7,sub-6,cervical,left,female,2624.31,43,11,-584.56,20.03,225.96,40100.0
P6-7,sub-6,cervical,left,female,2624.31,43,12,1766.69,461.25,213.47,35790.89
P6-7,sub-6,cervical,left,female,2624.31,43,13,100.09,-714.4,205.02,33012.08
P6-7,sub-6,cervical,left,female,2624.31,43,14,506.53,-307.91,194.76,29791.13
P6-7,sub-6,cervical,left,female,2624.31,43,15,-863.54,-611.22,193.5,29407.01
P6-7,sub-6,cervical,left,female,2624.31,43,16,-1675.72,-509.56,184.32,26682.94
P6-7,sub-6,cervical,left,female,2624.31,43,17,1585.9,169.16,183.4,26416.5
P6-7,sub-6,cervical,left,female,2624.31,43,18,199.96,-474.62,182.73,26223.3
P6-7,sub-6,cervical,left,female,2624.31,43,19,-796.19,-710.28,170.83,22919.47
P6-7,sub-6,cervical,left,female,2624.31,43,20,-1740.35,-181.8,163.84,21084.08
P6-7,sub-6,cervical,left,female,2624.31,43,21,-79.14,-234.8,162.93,20849.27
P6-7,sub-6,cervical,left,female,2624.31,43,22,-765.46,-236.18,160.6,20257.1
P6-7,sub-6,cervical,left,female,2624.31,43,23,1193.77,275.57,158.89,19828.19
P6-7,sub-6,cervical,left,female,2624.31,43,24,1753.11,168.72,157.33,19440.43
P6-7,sub-6,cervical,left,female,2624.31,43,25,1644.52,571.82,157.31,19436.43
P6-7,sub-6,cervical,left,female,2624.31,43,26,-1109.28,-682.98,155.03,18875.81
P6-7,sub-6,cervical,left,female,2624.31,43,27,-397.89,-643.25,144.51,16402.69
P6-7,sub-6,cervical,left,female,2624.31,43,28,-398.6,-89.87,138.11,14980.29
P6-7,sub-6,cervical,left,female,2624.31,43,29,-758.26,-134.42,137.69,14890.36
P6-7,sub-6,cervical,left,female,2624.31,43,30,880.96,329.69,134.41,14189.53
P6-7,sub-6,cervical,left,female,2624.31,43,31,1546.86,434.19,133.42,13981.71
P6-7,sub-6,cervical,left,female,2624.31,43,32,444.42,-440.44,130.93,13464.84
P6-7,sub-6,cervical,left,female,2624.31,43,33,288.08,-60.56,128.89,13046.72
P6-7,sub-6,cervical,left,female,2624.31,43,34,-1656.02,-96.38,124.8,12232.6
P6-7,sub-6,cervical,left,female,2624.31,43,35,-805.76,87.57,121.76,11643.74
P6-7,sub-6,cervical,left,female,2624.31,43,36,-483.32,-240.04,114.0,10207.17
P6-7,sub-6,cervical,left,female,2624.31,43,37,1428.1,426.18,113.72,10157.8
P6-7,sub-6,cervical,left,female,2624.31,43,38,1413.32,583.2,112.81,9995.4
P6-7,sub-6,cervical,left,female,2624.31,43,39,-998.84,-244.97,111.72,9802.34
P6-7,sub-6,cervical,left,female,2624.31,43,40,985.44,562.43,97.29,7433.95
P6-7,sub-6,cervical,left,female,2624.31,43,41,1009.42,275.39,93.45,6858.72
P6-7,sub-6,cervical,left,female,2624.31,43,42,1073.38,342.05,74.38,4345.68
P6-7,sub-6,cervical,left,female,2624.31,43,43,993.19,366.99,46.73,1714.81
P8-7,sub-8,cervical,left,female,2226.36,46,1,1345.13,105.93,322.31,81589.45
P8-7,sub-8,cervical,left,female,2226.36,46,2,-369.69,-42.29,246.06,47554.27
P8-7,sub-8,cervical,left,female,2226.36,46,3,574.52,-110.44,244.79,47062.0
P8-7,sub-8,cervical,left,female,2226.36,46,4,-923.3,-49.24,222.83,38999.13
P8-7,sub-8,cervical,left,female,2226.36,46,5,933.62,-298.85,219.23,37746.05
P8-7,sub-8,cervical,left,female,2226.36,46,6,1039.66,330.49,210.08,34662.18
P8-7,sub-8,cervical,left,female,2226.36,46,7,71.31,-151.25,208.48,34136.92
P8-7,sub-8,cervical,left,female,2226.36,46,8,739.32,307.52,207.02,33659.93
P8-7,sub-8,cervical,left,female,2226.36,46,9,1528.95,-147.59,199.07,31124.95
P8-7,sub-8,cervical,left,female,2226.36,46,10,-10.53,197.95,191.83,28901.64
P8-7,sub-8,cervical,left,female,2226.36,46,11,1188.15,-418.01,185.91,27144.6
P8-7,sub-8,cervical,left,female,2226.36,46,12,-851.26,539.0,183.84,26545.42
P8-7,sub-8,cervical,left,female,2226.36,46,13,-166.17,336.11,180.57,25608.99
P8-7,sub-8,cervical,left,female,2226.36,46,14,309.45,299.16,176.56,24483.56
P8-7,sub-8,cervical,left,female,2226.36,46,15,-1025.08,173.25,174.01,23781.07
P8-7,sub-8,cervical,left,female,2226.36,46,16,-1217.84,65.11,171.96,23225.24
P8-7,sub-8,cervical,left,female,2226.36,46,17,516.64,209.55,170.6,22858.91
P8-7,sub-8,cervical,left,female,2226.36,46,18,246.07,-315.22,170.21,22753.8
P8-7,sub-8,cervical,left,female,2226.36,46,19,-299.91,256.7,169.36,22527.25
P8-7,sub-8,cervical,left,female,2226.36,46,20,1047.15,26.2,169.34,22522.84
P8-7,sub-8,cervical,left,female,2226.36,46,21,1225.01,-144.9,166.38,21741.38
P8-7,sub-8,cervical,left,female,2226.36,46,22,1389.57,-353.55,159.45,19969.14
P8-7,sub-8,cervical,left,female,2226.36,46,23,-583.09,160.2,159.33,19938.8
P8-7,sub-8,cervical,left,female,2226.36,46,24,945.71,226.5,158.89,19827.94
P8-7,sub-8,cervical,left,female,2226.36,46,25,-1207.71,341.42,149.38,17524.78
P8-7,sub-8,cervical,left,female,2226.36,46,26,-1010.09,486.23,145.56,16640.85
P8-7,sub-8,cervical,left,female,2226.36,46,27,-1286.72,445.65,139.25,15228.42
P8-7,sub-8,cervical,left,female,2226.36,46,28,-576.64,-177.04,137.72,14897.03
P8-7,sub-8,cervical,left,female,2226.36,46,29,846.03,150.38,137.02,14745.09
P8-7,sub-8,cervical,left,female,2226.36,46,30,814.25,-519.44,124.73,12219.84
P8-7,sub-8,cervical,left,female,2226.36,46,31,-629.23,27.52,114.08,10221.72
P8-7,sub-8,cervical,left,female,2226.36,46,32,-1535.66,354.05,102.19,8202.51
P8-7,sub-8,cervical,left,female,2226.36,46,33,-1643.83,133.76,92.5,6720.51
P8-7,sub-8,cervical,left,female,2226.36,46,34,-1639.75,299.79,89.35,6269.75
P8-7,sub-8,cervical,left,female,2226.36,46,35,1046.48,-447.38,88.65,6172.01
P8-7,sub-8,cervical,left,female,2226.36,46,36,-1486.52,260.57,82.56,5353.04
P8-7,sub-8,cervical,left,female,2226.36,46,37,661.75,-461.36,77.27,4689.28
P8-7,sub-8,cervical,left,female,2226.36,46,38,-663.7,444.45,74.16,4319.11
P8-7,sub-8,cervical,left,female,2226.36,46,39,-1450.68,430.41,74.07,4308.57
P8-7,sub-8,cervical,left,female,2226.36,46,40,-1372.13,312.47,73.39,4230.44
P8-7,sub-8,cervical,left,female,2226.36,46,41,-659.11,-41.29,68.69,3706.06
P8-7,sub-8,cervical,left,female,2226.36,46,42,-88.36,28.73,66.94,3519.12
P8-7,sub-8,cervical,left,female,2226.36,46,43,-1578.66,122.31,62.21,3039.79
P8-7,sub-8,cervical,left,female,2226.36,46,44,803.17,65.37,60.14,2840.72
P8-7,sub-8,cervical,left,female,2226.36,46,45,341.36,-198.2,54.72,2352.06
P8-7,sub-8,cervical,left,female,2226.36,46,46,966.56,-502.58,44.03,1522.89
P9-3,sub-9,cervical,left,female,2361.69,59,1,517.4,-467.89,277.96,60682.43
P9-3,sub-9,cervical,left,female,2361.69,59,2,1547.46,529.43,263.63,54587.65
P9-3,sub-9,cervical,left,female,2361.69,59,3,531.67,-22.77,249.75,48991.0
P9-3,sub-9,cervical,left,female,2361.69,59,4,-737.28,264.96,240.33,45363.46
P9-3,sub-9,cervical,left,female,2361.69,59,5,263.35,86.77,232.64,42505.71
P9-3,sub-9,cervical,left,female,2361.69,59,6,-465.9,120.23,228.8,41116.79
P9-3,sub-9,cervical,left,female,2361.69,59,7,-567.56,-323.6,226.41,40260.22
P9-3,sub-9,cervical,left,female,2361.69,59,8,-214.68,191.94,214.77,36225.87
P9-3,sub-9,cervical,left,female,2361.69,59,9,-74.76,-281.62,213.25,35715.65
P9-3,sub-9,cervical,left,female,2361.69,59,10,-85.67,20.73,204.35,32798.52
P9-3,sub-9,cervical,left,female,2361.69,59,11,129.35,272.07,194.47,29704.16
P9-3,sub-9,cervical,left,female,2361.69,59,12,737.74,155.73,190.13,28391.88
P9-3,sub-9,cervical,left,female,2361.69,59,13,-1113.18,-245.06,182.57,26179.84
P9-3,sub-9,cervical,left,female,2361.69,59,14,1143.56,534.63,177.08,24627.76
P9-3,sub-9,cervical,left,female,2361.69,59,15,-739.14,-191.69,172.2,23290.03
P9-3,sub-9,cervical,left,female,2361.69,59,16,395.84,442.48,169.98,22692.96
P9-3,sub-9,cervical,left,female,2361.69,59,17,-350.72,369.62,169.6,22591.79
P9-3,sub-9,cervical,left,female,2361.69,59,18,951.75,458.92,169.35,22524.92
P9-3,sub-9,cervical,left,female,2361.69,59,19,1203.4,273.28,167.39,22005.29
P9-3,sub-9,cervical,left,female,2361.69,59,20,22.48,440.37,166.55,21786.31
P9-3,sub-9,cervical,left,female,2361.69,59,21,-892.4,-75.86,165.76,21578.74
P9-3,sub-9,cervical,left,female,2361.69,59,22,-322.92,-306.24,162.79,20812.53
P9-3,sub-9,cervical,left,female,2361.69,59,23,-912.96,135.78,161.08,20379.52
P9-3,sub-9,cervical,left,female,2361.69,59,24,1642.78,304.89,158.13,19639.43
P9-3,sub-9,cervical,left,female,2361.69,59,25,-642.03,40.76,156.56,19251.94
P9-3,sub-9,cervical,left,female,2361.69,59,26,1337.52,-14.63,154.36,18713.0
P9-3,sub-9,cervical,left,female,2361.69,59,27,-516.4,349.22,154.0,18626.2
P9-3,sub-9,cervical,left,female,2361.69,59,28,-1080.74,-59.88,151.76,18087.69
P9-3,sub-9,cervical,left,female,2361.69,59,29,-367.66,-63.09,148.11,17229.42
P9-3,sub-9,cervical,left,female,2361.69,59,30,1511.94,161.2,145.85,16707.22
P9-3,sub-9,cervical,left,female,2361.69,59,31,776.14,-138.65,145.09,16533.4
P9-3,sub-9,cervical,left,female,2361.69,59,32,-1236.6,-560.19,144.94,16498.65
P9-3,sub-9,cervical,left,female,2361.69,59,33,-1606.15,-474.97,144.72,16450.04
P9-3,sub-9,cervical,left,female,2361.69,59,34,1360.11,180.97,144.02,16290.72
P9-3,sub-9,cervical,left,female,2361.69,59,35,-1081.31,82.77,141.87,15807.39
P9-3,sub-9,cervical,left,female,2361.69,59,36,307.05,274.49,140.98,15610.48
P9-3,sub-9,cervical,left,female,2361.69,59,37,523.81,405.09,136.55,14644.39
P9-3,sub-9,cervical,left,female,2361.69,59,38,598.05,504.6,135.2,14355.39
P9-3,sub-9,cervical,left,female,2361.69,59,39,-1229.15,-420.4,134.91,14295.06
P9-3,sub-9,cervical,left,female,2361.69,59,40,-1434.11,-552.46,129.32,13135.33
P9-3,sub-9,cervical,left,female,2361.69,59,41,-532.86,-73.63,129.14,13098.2
P9-3,sub-9,cervical,left,female,2361.69,59,42,-922.24,280.64,128.56,12981.07
P9-3,sub-9,cervical,left,female,2361.69,59,43,-916.34,-188.46,124.83,12237.52
P9-3,sub-9,cervical,left,female,2361.69,59,44,1409.08,296.72,122.28,11744.06
P9-3,sub-9,cervical,left,female,2361.69,59,45,987.92,-176.76,121.75,11641.66
P9-3,sub-9,cervical,left,female,2361.69,59,46,-1425.49,-397.12,120.15,11338.61
P9-3,sub-9,cervical,left,female,2361.69,59,47,1234.29,75.96,119.37,11190.42
P9-3,sub-9,cervical,left,female,2361.69,59,48,1307.4,516.98,118.14,10961.46
P9-3,sub-9,cervical,left,female,2361.69,59,49,-35.76,242.75,114.6,10315.03
P9-3,sub-9,cervical,left,female,2361.69,59,50,947.83,301.31,102.36,8228.36
P9-3,sub-9,cervical,left,female,2361.69,59,51,-1067.69,-488.37,98.55,7627.72
P9-3,sub-9,cervical,left,female,2361.69,59,52,-794.65,-292.37,91.77,6613.89
P9-3,sub-9,cervical,left,female,2361.69,59,53,1099.59,393.4,83.19,5435.68
P9-3,sub-9,cervical,left,female,2361.69,59,54,-1522.15,-383.85,82.44,5338.39
P9-3,sub-9,cervical,left,female,2361.69,59,55,-1351.96,-301.21,81.32,5193.33
P9-3,sub-9,cervical,left,female,2361.69,59,56,-1123.79,-533.9,63.79,3195.66
P9-3,sub-9,cervical,left,female,2361.69,59,57,94.25,140.7,49.73,1942.72
P9-3,sub-9,cervical,left,female,2361.69,59,58,471.07,53.03,49.58,1930.77
P9-3,sub-9,cervical,left,female,2361.69,59,59,-921.53,-272.32,42.85,1442.41
P11-1,sub-11,cervical,left,male,2056.85,43,1,870.6,502.0,382.96,115183.34
P11-1,sub-11,cervical,left,male,2056.85,43,2,-952.1,77.13,316.49,78670.32
P11-1,sub-11,cervical,left,male,2056.85,43,3,-1242.67,-247.01,291.24,66619.65
P11-1,sub-11,cervical,left,male,2056.85,43,4,593.39,407.19,284.8,63704.24
P11-1,sub-11,cervical,left,male,2056.85,43,5,-15.3,138.84,221.98,38701.55
P11-1,sub-11,cervical,left,male,2056.85,43,6,-743.3,-146.75,198.29,30879.56
P11-1,sub-11,cervical,left,male,2056.85,43,7,-236.43,45.53,193.11,29287.42
P11-1,sub-11,cervical,left,male,2056.85,43,8,1314.32,284.27,192.87,29216.8
P11-1,sub-11,cervical,left,male,2056.85,43,9,1264.35,64.48,189.13,28094.04
P11-1,sub-11,cervical,left,male,2056.85,43,10,-162.21,-364.86,186.02,27178.0
P11-1,sub-11,cervical,left,male,2056.85,43,11,445.44,-407.3,184.1,26618.22
P11-1,sub-11,cervical,left,male,2056.85,43,12,-651.67,-429.22,171.57,23119.56
P11-1,sub-11,cervical,left,male,2056.85,43,13,933.84,172.93,170.24,22762.23
P11-1,sub-11,cervical,left,male,2056.85,43,14,495.25,116.93,167.45,22022.53
P11-1,sub-11,cervical,left,male,2056.85,43,15,205.9,-391.86,161.74,20546.31
P11-1,sub-11,cervical,left,male,2056.85,43,16,243.51,293.24,160.04,20117.18
P11-1,sub-11,cervical,left,male,2056.85,43,17,-470.91,-36.32,159.07,19871.95
P11-1,sub-11,cervical,left,male,2056.85,43,18,334.55,28.82,158.81,19807.79
P11-1,sub-11,cervical,left,male,2056.85,43,19,-1331.66,11.97,158.71,19783.43
P11-1,sub-11,cervical,left,male,2056.85,43,20,87.4,8.46,157.36,19448.99
P11-1,sub-11,cervical,left,male,2056.85,43,21,149.63,-145.89,152.42,18246.89
P11-1,sub-11,cervical,left,male,2056.85,43,22,-878.46,-279.89,149.89,17645.13
P11-1,sub-11,cervical,left,male,2056.85,43,23,775.93,85.21,147.79,17154.55
P11-1,sub-11,cervical,left,male,2056.85,43,24,1010.36,22.51,141.87,15808.01
P11-1,sub-11,cervical,left,male,2056.85,43,25,1285.19,-65.24,140.42,15485.51
P11-1,sub-11,cervical,left,male,2056.85,43,26,352.52,407.0,137.84,14922.41
P11-1,sub-11,cervical,left,male,2056.85,43,27,-441.36,-250.75,136.49,14632.65
P11-1,sub-11,cervical,left,male,2056.85,43,28,1443.88,145.87,135.56,14433.53
P11-1,sub-11,cervical,left,male,2056.85,43,29,846.24,-63.97,132.82,13856.1
P11-1,sub-11,cervical,left,male,2056.85,43,30,1199.82,172.2,130.87,13452.15
P11-1,sub-11,cervical,left,male,2056.85,43,31,470.12,-140.9,128.31,12929.57
P11-1,sub-11,cervical,left,male,2056.85,43,32,-287.21,-187.89,124.12,12099.07
P11-1,sub-11,cervical,left,male,2056.85,43,33,-87.12,-83.77,121.55,11604.65
P11-1,sub-11,cervical,left,male,2056.85,43,34,635.76,-34.5,111.9,9834.12
P11-1,sub-11,cervical,left,male,2056.85,43,35,-253.21,155.07,108.59,9261.97
P11-1,sub-11,cervical,left,male,2056.85,43,36,506.72,-1.17,102.88,8313.28
P11-1,sub-11,cervical,left,male,2056.85,43,37,639.01,55.52,98.82,7669.45
P11-1,sub-11,cervical,left,male,2056.85,43,38,1110.24,195.35,95.87,7218.78
P11-1,sub-11,cervical,left,male,2056.85,43,39,262.84,123.71,93.18,6818.55
P11-1,sub-11,cervical,left,male,2056.85,43,40,58.09,-430.95,92.15,6668.79
P11-1,sub-11,cervical,left,male,2056.85,43,41,1124.12,-44.67,87.36,5994.15
P11-1,sub-11,cervical,left,male,2056.85,43,42,416.39,269.55,78.04,4783.23
P11-1,sub-11,cervical,left,male,2056.85,43,43,-3.74,-144.57,76.89,4643.91
P12-1,sub-12,cervical,left,male,2206.57,57,1,836.1,234.64,284.14,63409.8
P12-1,sub-12,cervical,left,male,2206.57,57,2,158.57,-395.93,262.28,54026.33
P12-1,sub-12,cervical,left,male,2206.57,57,3,-408.78,-140.35,253.72,50559.5
P12-1,sub-12,cervical,left,male,2206.57,57,4,-717.53,-290.06,251.59,49712.84
P12-1,sub-12,cervical,left,male,2206.57,57,5,-866.43,487.8,245.41,47301.39
P12-1,sub-12,cervical,left,male,2206.57,57,6,-536.7,384.59,244.14,46812.93
P12-1,sub-12,cervical,left,male,2206.57,57,7,481.41,-556.19,243.23,46464.13
P12-1,sub-12,cervical,left,male,2206.57,57,8,437.33,-310.19,237.15,44169.98
P12-1,sub-12,cervical,left,male,2206.57,57,9,1040.8,-428.03,234.78,43291.1
P12-1,sub-12,cervical,left,male,2206.57,57,10,872.48,-224.88,234.08,43036.3
P12-1,sub-12,cervical,left,male,2206.57,57,11,-222.51,-284.78,233.76,42917.08
P12-1,sub-12,cervical,left,male,2206.57,57,12,1507.33,-314.37,233.75,42913.43
P12-1,sub-12,cervical,left,male,2206.57,57,13,-1527.24,319.34,231.33,42027.67
P12-1,sub-12,cervical,left,male,2206.57,57,14,411.81,-113.0,213.78,35895.44
P12-1,sub-12,cervical,left,male,2206.57,57,15,-557.83,-417.02,212.1,35332.88
P12-1,sub-12,cervical,left,male,2206.57,57,16,-841.04,-65.95,210.4,34768.13
P12-1,sub-12,cervical,left,male,2206.57,57,17,181.05,-156.42,203.73,32598.39
P12-1,sub-12,cervical,left,male,2206.57,57,18,-1568.84,45.76,197.13,30520.47
P12-1,sub-12,cervical,left,male,2206.57,57,19,-97.18,380.46,192.79,29190.26
P12-1,sub-12,cervical,left,male,2206.57,57,20,-1274.68,300.62,192.38,29068.05
P12-1,sub-12,cervical,left,male,2206.57,57,21,-984.53,-187.86,187.04,27475.94
P12-1,sub-12,cervical,left,male,2206.57,57,22,-169.42,281.72,186.96,27452.54
P12-1,sub-12,cervical,left,male,2206.57,57,23,-198.8,-437.75,186.92,27441.09
P12-1,sub-12,cervical,left,male,2206.57,57,24,-1274.79,467.02,183.58,26470.39
P12-1,sub-12,cervical,left,male,2206.57,57,25,1499.94,-76.38,183.54,26457.03
P12-1,sub-12,cervical,left,male,2206.57,57,26,-1140.22,35.63,179.35,25263.46
P12-1,sub-12,cervical,left,male,2206.57,57,27,-1073.95,266.74,176.28,24406.79
P12-1,sub-12,cervical,left,male,2206.57,57,28,104.94,167.22,170.59,22854.75
P12-1,sub-12,cervical,left,male,2206.57,57,29,-44.82,-86.91,170.32,22784.54
P12-1,sub-12,cervical,left,male,2206.57,57,30,316.42,235.53,167.7,22087.08
P12-1,sub-12,cervical,left,male,2206.57,57,31,740.24,-371.32,166.23,21701.64
P12-1,sub-12,cervical,left,male,2206.57,57,32,-274.04,-15.14,151.67,18067.34
P12-1,sub-12,cervical,left,male,2206.57,57,33,807.04,-55.3,150.09,17692.63
P12-1,sub-12,cervical,left,male,2206.57,57,34,-1335.45,147.19,149.74,17609.19
P12-1,sub-12,cervical,left,male,2206.57,57,35,1106.78,-133.74,148.56,17333.02
P12-1,sub-12,cervical,left,male,2206.57,57,36,-658.06,125.79,145.97,16733.98
P12-1,sub-12,cervical,left,male,2206.57,57,37,584.21,-45.21,145.33,16589.2
P12-1,sub-12,cervical,left,male,2206.57,57,38,348.0,119.1,143.06,16074.08
P12-1,sub-12,cervical,left,male,2206.57,57,39,-1398.89,56.76,132.71,13832.3
P12-1,sub-12,cervical,left,male,2206.57,57,40,-1336.59,-87.95,132.7,13829.74
P12-1,sub-12,cervical,left,male,2206.57,57,41,739.03,-550.51,132.58,13805.06
P12-1,sub-12,cervical,left,male,2206.57,57,42,1387.62,-201.38,131.6,13601.95
P12-1,sub-12,cervical,left,male,2206.57,57,43,1278.66,-33.71,128.78,13025.2
P12-1,sub-12,cervical,left,male,2206.57,57,44,-880.04,207.53,126.26,12521.31
P12-1,sub-12,cervical,left,male,2206.57,57,45,1029.32,29.99,125.48,12366.07
P12-1,sub-12,cervical,left,male,2206.57,57,46,1235.98,-184.57,123.46,11971.0
P12-1,sub-12,cervical,left,male,2206.57,57,47,-946.01,91.43,118.56,11039.91
P12-1,sub-12,cervical,left,male,2206.57,57,48,-1055.94,529.03,112.05,9861.31
P12-1,sub-12,cervical,left,male,2206.57,57,49,1223.87,-354.57,110.04,9510.35
P12-1,sub-12,cervical,left,male,2206.57,57,50,1299.0,-448.66,109.06,9341.77
P12-1,sub-12,cervical,left,male,2206.57,57,51,-52.94,-505.02,99.39,7758.6
P12-1,sub-12,cervical,left,male,2206.57,57,52,521.58,-416.85,94.6,7028.82
P12-1,sub-12,cervical,left,male,2206.57,57,53,648.4,-293.06,78.15,4796.38
P12-1,sub-12,cervical,left,male,2206.57,57,54,-468.55,243.71,73.4,4231.59
P12-1,sub-12,cervical,left,male,2206.57,57,55,-1453.02,-101.67,72.79,4161.6
P12-1,sub-12,cervical,left,male,2206.57,57,56,1190.97,-516.81,48.28,1830.89
P12-1,sub-12,cervical,left,male,2206.57,57,57,1222.08,-471.24,39.21,1207.19
P13-1,sub-13,cervical,left,male,2037.16,63,1,-1681.75,304.97,327.71,84349.43
P13-1,sub-13,cervical,left,male,2037.16,63,2,1270.45,-321.77,305.59,73345.38
P13-1,sub-13,cervical,left,male,2037.16,63,3,248.2,-352.81,254.11,50713.72
P13-1,sub-13,cervical,left,male,2037.16,63,4,270.42,-82.8,227.39,40610.57
P13-1,sub-13,cervical,left,male,2037.16,63,5,-665.56,-119.16,217.8,37256.57
P13-1,sub-13,cervical,left,male,2037.16,63,6,-247.35,307.01,194.53,29719.59
P13-1,sub-13,cervical,left,male,2037.16,63,7,1440.99,-488.02,190.55,28516.7
P13-1,sub-13,cervical,left,male,2037.16,63,8,187.48,202.76,180.01,25449.27
P13-1,sub-13,cervical,left,male,2037.16,63,9,-47.97,-382.46,178.01,24887.81
P13-1,sub-13,cervical,left,male,2037.16,63,10,638.28,-322.52,176.15,24369.66
P13-1,sub-13,cervical,left,male,2037.16,63,11,-1845.53,402.31,175.56,24206.89
P13-1,sub-13,cervical,left,male,2037.16,63,12,91.29,-209.67,173.95,23765.2
P13-1,sub-13,cervical,left,male,2037.16,63,13,-1356.42,272.76,166.38,21741.41
P13-1,sub-13,cervical,left,male,2037.16,63,14,370.44,-224.29,160.72,20288.04
P13-1,sub-13,cervical,left,male,2037.16,63,15,-86.51,243.68,152.76,18328.09
P13-1,sub-13,cervical,left,male,2037.16,63,16,378.03,274.63,152.64,18299.55
P13-1,sub-13,cervical,left,male,2037.16,63,17,996.02,-172.62,151.89,18118.76
P13-1,sub-13,cervical,left,male,2037.16,63,18,-1194.51,-18.1,151.8,18097.07
P13-1,sub-13,cervical,left,male,2037.16,63,19,898.28,146.81,151.11,17935.1
P13-1,sub-13,cervical,left,male,2037.16,63,20,-641.74,201.14,148.89,17410.61
P13-1,sub-13,cervical,left,male,2037.16,63,21,-1209.68,225.99,146.16,16779.26
P13-1,sub-13,cervical,left,male,2037.16,63,22,-1934.09,219.25,138.99,15172.14
P13-1,sub-13,cervical,left,male,2037.16,63,23,-46.1,-23.39,138.9,15153.62
P13-1,sub-13,cervical,left,male,2037.16,63,24,533.62,-422.15,137.93,14942.46
P13-1,sub-13,cervical,left,male,2037.16,63,25,-549.37,9.02,137.83,14919.54
P13-1,sub-13,cervical,left,male,2037.16,63,26,-898.25,179.82,136.01,14528.31
P13-1,sub-13,cervical,left,male,2037.16,63,27,1362.34,-83.8,135.09,14332.29
P13-1,sub-13,cervical,left,male,2037.16,63,28,-884.01,-113.85,134.59,14227.77
P13-1,sub-13,cervical,left,male,2037.16,63,29,-1043.75,-82.16,132.04,13692.9
P13-1,sub-13,cervical,left,male,2037.16,63,30,-604.67,381.75,129.41,13153.95
P13-1,sub-13,cervical,left,male,2037.16,63,31,59.86,289.89,126.82,12632.3
P13-1,sub-13,cervical,left,male,2037.16,63,32,1065.54,-355.77,125.13,12297.3
P13-1,sub-13,cervical,left,male,2037.16,63,33,-86.33,-116.75,124.92,12256.6
P13-1,sub-13,cervical,left,male,2037.16,63,34,706.91,43.04,124.22,12119.41
P13-1,sub-13,cervical,left,male,2037.16,63,35,592.58,-178.11,123.81,12040.08
P13-1,sub-13,cervical,left,male,2037.16,63,36,774.58,-157.76,122.81,11845.99
P13-1,sub-13,cervical,left,male,2037.16,63,37,-261.06,11.05,120.95,11488.99
P13-1,sub-13,cervical,left,male,2037.16,63,38,533.08,59.91,117.33,10811.58
P13-1,sub-13,cervical,left,male,2037.16,63,39,-207.4,-200.04,117.08,10765.7
P13-1,sub-13,cervical,left,male,2037.16,63,40,819.83,250.51,116.63,10682.96
P13-1,sub-13,cervical,left,male,2037.16,63,41,-465.8,440.38,115.72,10516.45
P13-1,sub-13,cervical,left,male,2037.16,63,42,-779.32,-28.26,112.74,9982.12
P13-1,sub-13,cervical,left,male,2037.16,63,43,-273.27,-85.88,112.53,9945.3
P13-1,sub-13,cervical,left,male,2037.16,63,44,-1416.82,162.31,109.88,9483.18
P13-1,sub-13,cervical,left,male,2037.16,63,45,-470.75,333.01,108.98,9328.06
P13-1,sub-13,cervical,left,male,2037.16,63,46,-413.4,-46.32,108.92,9317.87
P13-1,sub-13,cervical,left,male,2037.16,63,47,-733.95,58.2,108.54,9252.62
P13-1,sub-13,cervical,left,male,2037.16,63,48,-170.22,-301.17,107.59,9092.08
P13-1,sub-13,cervical,left,male,2037.16,63,49,494.43,176.39,105.0,8658.53
P13-1,sub-13,cervical,left,male,2037.16,63,50,1458.75,-182.57,103.57,8425.12
P13-1,sub-13,cervical,left,male,2037.16,63,51,373.24,157.3,101.11,8029.94
P13-1,sub-13,cervical,left,male,2037.16,63,52,-1132.76,314.64,100.45,7925.12
P13-1,sub-13,cervical,left,male,2037.16,63,53,-361.67,-153.99,99.08,7710.01
P13-1,sub-13,cervical,left,male,2037.16,63,54,1764.68,-375.16,91.0,6504.12
P13-1,sub-13,cervical,left,male,2037.16,63,55,778.44,146.63,87.03,5948.29
P13-1,sub-13,cervical,left,male,2037.16,63,56,563.79,-240.17,86.93,5935.44
P13-1,sub-13,cervical,left,male,2037.16,63,57,-841.98,291.29,85.55,5747.87
P13-1,sub-13,cervical,left,male,2037.16,63,58,-1242.38,508.02,78.65,4858.15
P13-1,sub-13,cervical,left,male,2037.16,63,59,1635.35,-552.31,77.31,4694.07
P13-1,sub-13,cervical,left,male,2037.16,63,60,1706.87,-445.7,69.76,3822.5
P13-1,sub-13,cervical,left,male,2037.16,63,61,1780.55,-444.44,67.6,3588.75
P13-1,sub-13,cervical,left,male,2037.16,63,62,-1393.8,424.68,63.15,3132.05
P13-1,sub-13,cervical,left,male,2037.16,63,63,-451.82,-104.33,57.97,2639.57
P14-2,sub-14,cervical,left,female,2189.34,39,1,-56.85,21.22,282.29,62586.73
P14-2,sub-14,cervical,left,female,2189.34,39,2,552.43,-441.58,220.58,38213.68
P14-2,sub-14,cervical,left,female,2189.34,39,3,1020.24,203.99,220.13,38057.4
P14-2,sub-14,cervical,left,female,2189.34,39,4,217.61,361.93,214.23,36044.28
P14-2,sub-14,cervical,left,female,2189.34,39,5,844.09,335.2,204.72,32915.43
P14-2,sub-14,cervical,left,female,2189.34,39,6,1233.71,-286.95,197.31,30576.62
P14-2,sub-14,cervical,left,female,2189.34,39,7,-543.93,445.8,195.24,29939.06
P14-2,sub-14,cervical,left,female,2189.34,39,8,695.08,-25.83,195.21,29927.78
P14-2,sub-14,cervical,left,female,2189.34,39,9,-246.96,390.02,195.12,29902.07
P14-2,sub-14,cervical,left,female,2189.34,39,10,445.67,153.85,190.86,28609.88
P14-2,sub-14,cervical,left,female,2189.34,39,11,-723.0,-218.22,190.15,28396.76
P14-2,sub-14,cervical,left,female,2189.34,39,12,-1004.4,-24.2,189.09,28081.93
P14-2,sub-14,cervical,left,female,2189.34,39,13,524.28,369.38,183.23,26367.32
P14-2,sub-14,cervical,left,female,2189.34,39,14,-1223.09,-83.63,180.87,25692.49
P14-2,sub-14,cervical,left,female,2189.34,39,15,885.51,-44.98,169.3,22511.92
P14-2,sub-14,cervical,left,female,2189.34,39,16,-1645.67,124.76,168.65,22339.71
P14-2,sub-14,cervical,left,female,2189.34,39,17,1069.75,-328.0,163.05,20879.69
P14-2,sub-14,cervical,left,female,2189.34,39,18,-540.33,237.37,162.3,20687.72
P14-2,sub-14,cervical,left,female,2189.34,39,19,-1408.94,327.22,161.8,20560.87
P14-2,sub-14,cervical,left,female,2189.34,39,20,-338.26,248.74,157.65,19519.16
P14-2,sub-14,cervical,left,female,2189.34,39,21,-741.28,230.77,157.1,19383.76
P14-2,sub-14,cervical,left,female,2189.34,39,22,348.6,-194.97,148.22,17254.42
P14-2,sub-14,cervical,left,female,2189.34,39,23,-1220.02,318.0,147.49,17084.89
P14-2,sub-14,cervical,left,female,2189.34,39,24,-953.74,-288.96,141.97,15830.21
P14-2,sub-14,cervical,left,female,2189.34,39,25,-995.45,276.02,125.42,12355.36
P14-2,sub-14,cervical,left,female,2189.34,39,26,-1405.02,86.72,121.77,11645.7
P14-2,sub-14,cervical,left,female,2189.34,39,27,-1493.18,-56.55,120.07,11323.34
P14-2,sub-14,cervical,left,female,2189.34,39,28,643.11,251.61,115.57,10489.25
P14-2,sub-14,cervical,left,female,2189.34,39,29,-24.49,289.43,114.04,10214.31
P14-2,sub-14,cervical,left,female,2189.34,39,30,-707.29,379.44,112.03,9857.45
P14-2,sub-14,cervical,left,female,2189.34,39,31,934.64,-179.31,111.44,9753.06
P14-2,sub-14,cervical,left,female,2189.34,39,32,-1274.75,149.02,108.23,9200.62
P14-2,sub-14,cervical,left,female,2189.34,39,33,777.78,-176.13,105.42,8728.47
P14-2,sub-14,cervical,left,female,2189.34,39,34,-1519.57,162.78,100.09,7867.41
P14-2,sub-14,cervical,left,female,2189.34,39,35,855.96,196.27,97.54,7473.08
P14-2,sub-14,cervical,left,female,2189.34,39,36,-1157.93,96.4,75.42,4467.05
P14-2,sub-14,cervical,left,female,2189.34,39,37,-175.26,238.89,61.13,2934.86
P14-2,sub-14,cervical,left,female,2189.34,39,38,841.45,41.75,58.17,2657.38
P14-2,sub-14,cervical,left,female,2189.34,39,39,1124.85,-222.41,56.95,2547.18
P15-2,sub-15,cervical,left,female,2179.44,39,1,826.59,77.41,381.0,114008.4
P15-2,sub-15,cervical,left,female,2179.44,39,2,-1496.38,199.71,256.34,51608.73
P15-2,sub-15,cervical,left,female,2179.44,39,3,1215.91,-111.79,246.99,47912.53
P15-2,sub-15,cervical,left,female,2179.44,39,4,-752.93,-147.64,215.07,36327.28
P15-2,sub-15,cervical,left,female,2179.44,39,5,645.35,-444.91,212.29,35395.29
P15-2,sub-15,cervical,left,female,2179.44,39,6,-1622.94,-50.13,208.73,34219.9
P15-2,sub-15,cervical,left,female,2179.44,39,7,-1331.45,-95.22,207.6,33848.87
P15-2,sub-15,cervical,left,female,2179.44,39,8,-1030.41,-206.42,206.78,33580.8
P15-2,sub-15,cervical,left,female,2179.44,39,9,-278.24,322.95,206.12,33369.15
P15-2,sub-15,cervical,left,female,2179.44,39,10,-511.8,167.73,201.1,31763.78
P15-2,sub-15,cervical,left,female,2179.44,39,11,291.01,23.3,194.37,29672.9
P15-2,sub-15,cervical,left,female,2179.44,39,12,139.09,226.12,191.17,28703.62
P15-2,sub-15,cervical,left,female,2179.44,39,13,-115.23,-203.87,189.3,28145.28
P15-2,sub-15,cervical,left,female,2179.44,39,14,-668.03,286.26,189.02,28061.22
P15-2,sub-15,cervical,left,female,2179.44,39,15,-1107.47,215.95,188.94,28038.72
P15-2,sub-15,cervical,left,female,2179.44,39,16,226.18,-251.45,185.46,27012.87
P15-2,sub-15,cervical,left,female,2179.44,39,17,-187.11,-426.62,181.46,25860.62
P15-2,sub-15,cervical,left,female,2179.44,39,18,743.82,-209.03,178.09,24909.69
P15-2,sub-15,cervical,left,female,2179.44,39,19,-499.39,-299.02,176.95,24592.07
P15-2,sub-15,cervical,left,female,2179.44,39,20,1372.7,-247.43,174.13,23815.63
P15-2,sub-15,cervical,left,female,2179.44,39,21,-146.41,90.34,171.96,23223.58
P15-2,sub-15,cervical,left,female,2179.44,39,22,460.53,178.99,169.88,22667.01
P15-2,sub-15,cervical,left,female,2179.44,39,23,-880.31,249.91,155.38,18961.29
P15-2,sub-15,cervical,left,female,2179.44,39,24,25.39,-439.29,152.37,18234.93
P15-2,sub-15,cervical,left,female,2179.44,39,25,365.14,-381.01,152.05,18158.88
P15-2,sub-15,cervical,left,female,2179.44,39,26,1169.12,-307.39,151.93,18129.15
P15-2,sub-15,cervical,left,female,2179.44,39,27,1048.66,-355.59,149.93,17655.75
P15-2,sub-15,cervical,left,female,2179.44,39,28,523.98,-297.41,138.74,15118.68
P15-2,sub-15,cervical,left,female,2179.44,39,29,463.6,-57.22,132.26,13738.48
P15-2,sub-15,cervical,left,female,2179.44,39,30,590.11,-41.26,127.88,12844.25
P15-2,sub-15,cervical,left,female,2179.44,39,31,-960.85,-24.4,119.75,11262.48
P15-2,sub-15,cervical,left,female,2179.44,39,32,-41.74,193.6,114.6,10315.47
P15-2,sub-15,cervical,left,female,2179.44,39,33,999.85,-257.7,108.59,9260.91
P15-2,sub-15,cervical,left,female,2179.44,39,34,-414.16,255.35,103.03,8337.52
P15-2,sub-15,cervical,left,female,2179.44,39,35,906.74,-335.68,102.48,8248.73
P15-2,sub-15,cervical,left,female,2179.44,39,36,-410.33,-203.76,96.66,7338.27
P15-2,sub-15,cervical,left,female,2179.44,39,37,-92.34,273.68,95.47,7158.32
P15-2,sub-15,cervical,left,female,2179.44,39,38,297.83,251.16,65.71,3391.53
P15-2,sub-15,cervical,left,female,2179.44,39,39,-1190.44,310.93,54.18,2305.31
