staining,sample_id,level,laterality,sex,nerve_diameter_um,n_fascicles,fascicle_index,fascicle_diameter_um
Massons_trichrome,C50-2,cervical,left,M,2546.9,15,1,437.21
Massons_trichrome,C50-2,cervical,left,M,2546.9,15,2,258.83
Massons_trichrome,C50-2,cervical,left,M,2546.9,15,3,307.92
Massons_trichrome,C50-2,cervical,left,M,2546.9,15,4,359.17
Massons_trichrome,C50-2,cervical,left,M,2546.9,15,5,189.02
Massons_trichrome,C50-2,cervical,left,M,2546.9,15,6,787.09
Massons_trichrome,C50-2,cervical,left,M,2546.9,15,7,72.36
Massons_trichrome,C50-2,cervical,left,M,2546.9,15,8,305.73
Massons_trichrome,C50-2,cervical,left,M,2546.9,15,9,508.75
Massons_trichrome,C50-2,cervical,left,M,2546.9,15,10,311.11
Massons_trichrome,C50-2,cervical,left,M,2546.9,15,11,398.01
Massons_trichrome,C50-2,cervical,left,M,2546.9,15,12,289.08
Massons_trichrome,C50-2,cervical,left,M,2546.9,15,13,99.2
Massons_trichrome,C50-2,cervical,left,M,2546.9,15,14,90.0
Massons_trichrome,C50-2,cervical,left,M,2546.9,15,15,163.78
Massons_trichrome,C53-2,cervical,left,M,2019.1,5,1,120.12
Massons_trichrome,C53-2,cervical,left,M,2019.1,5,2,243.87
Massons_trichrome,C53-2,cervical,left,M,2019.1,5,3,322.23
Massons_trichrome,C53-2,cervical,left,M,2019.1,5,4,643.46
Massons_trichrome,C53-2,cervical,left,M,2019.1,5,5,607.04
Massons_trichrome,C54-3,cervical,left,M,1615.1,8,1,365.4
Massons_trichrome,C54-3,cervical,left,M,1615.1,8,2,284.54
Massons_trichrome,C54-3,cervical,left,M,1615.1,8,3,53.54
Massons_trichrome,C54-3,cervical,left,M,1615.1,8,4,75.64
Massons_trichrome,C54-3,cervical,left,M,1615.1,8,5,730.2
Massons_trichrome,C54-3,cervical,left,M,1615.1,8,6,225.98
Massons_trichrome,C54-3,cervical,left,M,1615.1,8,7,243.2
Massons_trichrome,C54-3,cervical,left,M,1615.1,8,8,95.63
Massons_trichrome,C55-3,cervical,left,M,1025.5,1,1,657.18
Massons_trichrome,C57-3,cervical,left,M,1838.4,7,1,455.24
Massons_trichrome,C57-3,cervical,left,M,1838.4,7,2,509.95
Massons_trichrome,C57-3,cervical,left,M,1838.4,7,3,287.74
Massons_trichrome,C57-3,cervical,left,M,1838.4,7,4,249.07
Massons_trichrome,C57-3,cervical,left,M,1838.4,7,5,549.73
Massons_trichrome,C57-3,cervical,left,M,1838.4,7,6,288.39
Massons_trichrome,C57-3,cervical,left,M,1838.4,7,7,290.46
Massons_trichrome,C46-2,cervical,left,F,1964.0,2,1,968.88
Massons_trichrome,C46-2,cervical,left,F,1964.0,2,2,204.87
Massons_trichrome,C47-2,cervical,left,F,1864.2,5,1,219.68
Massons_trichrome,C47-2,cervical,left,F,1864.2,5,2,94.39
Massons_trichrome,C47-2,cervical,left,F,1864.2,5,3,550.44
Massons_trichrome,C47-2,cervical,left,F,1864.2,5,4,980.89
Massons_trichrome,C47-2,cervical,left,F,1864.2,5,5,232.09
Massons_trichrome,C56-3,cervical,left,F,1882.4,5,1,1060.54
Massons_trichrome,C56-3,cervical,left,F,1882.4,5,2,326.6
Massons_trichrome,C56-3,cervical,left,F,1882.4,5,3,310.04
Massons_trichrome,C56-3,cervical,left,F,1882.4,5,4,421.02
Massons_trichrome,C56-3,cervical,left,F,1882.4,5,5,210.61
Massons_trichrome,C58-3,cervical,left,F,2539.9,12,1,337.63
Massons_trichrome,C58-3,cervical,left,F,2539.9,12,2,141.63
Massons_trichrome,C58-3,cervical,left,F,2539.9,12,3,532.81
Massons_trichrome,C58-3,cervical,left,F,2539.9,12,4,258.23
Massons_trichrome,C58-3,cervical,left,F,2539.9,12,5,289.29
Massons_trichrome,C58-3,cervical,left,F,2539.9,12,6,560.5
Massons_trichrome,C58-3,cervical,left,F,2539.9,12,7,102.68
Massons_trichrome,C58-3,cervical,left,F,2539.9,12,8,310.06
Massons_trichrome,C58-3,cervical,left,F,2539.9,12,9,395.44
Massons_trichrome,C58-3,cervical,left,F,2539.9,12,10,348.88
Massons_trichrome,C58-3,cervical,left,F,2539.9,12,11,352.11
Massons_trichrome,C58-3,cervical,left,F,2539.9,12,12,202.64
Massons_trichrome,C54-2,subdiaphragmatic,anterior,M,1522.5,7,1,143.42
Massons_trichrome,C54-2,subdiaphragmatic,anterior,M,1522.5,7,2,102.83
Massons_trichrome,C54-2,subdiaphragmatic,anterior,M,1522.5,7,3,157.59
Massons_trichrome,C54-2,subdiaphragmatic,anterior,M,1522.5,7,4,169.9
Massons_trichrome,C54-2,subdiaphragmatic,anterior,M,1522.5,7,5,83.42
Massons_trichrome,C54-2,subdiaphragmatic,anterior,M,1522.5,7,6,161.11
Massons_trichrome,C54-2,subdiaphragmatic,anterior,M,1522.5,7,7,96.23
Massons_trichrome,C57-1,subdiaphragmatic,anterior,M,1426.2,3,1,168.54
Massons_trichrome,C57-1,subdiaphragmatic,anterior,M,1426.2,3,2,180.75
Massons_trichrome,C57-1,subdiaphragmatic,anterior,M,1426.2,3,3,305.86
Massons_trichrome,C64-1,subdiaphragmatic,anterior,M,2065.4,1,1,587.11
Massons_trichrome,C69-1,subdiaphragmatic,anterior,M,2236.6,8,1,9.64
Massons_trichrome,C69-1,subdiaphragmatic,anterior,M,2236.6,8,2,30.47
Massons_trichrome,C69-1,subdiaphragmatic,anterior,M,2236.6,8,3,55.23
Massons_trichrome,C69-1,subdiaphragmatic,anterior,M,2236.6,8,4,438.48
Massons_trichrome,C69-1,subdiaphragmatic,anterior,M,2236.6,8,5,26.85
Massons_trichrome,C69-1,subdiaphragmatic,anterior,M,2236.6,8,6,109.41
Massons_trichrome,C69-1,subdiaphragmatic,anterior,M,2236.6,8,7,27.56
Massons_trichrome,C69-1,subdiaphragmatic,anterior,M,2236.6,8,8,31.18
Massons_trichrome,C70-1,subdiaphragmatic,anterior,M,1912.7,2,1,261.03
Massons_trichrome,C70-1,subdiaphragmatic,anterior,M,1912.7,2,2,309.81
Massons_trichrome,C56-1,subdiaphragmatic,anterior,F,1536.5,6,1,186.62
Massons_trichrome,C56-1,subdiaphragmatic,anterior,F,1536.5,6,2,195.25
Massons_trichrome,C56-1,subdiaphragmatic,anterior,F,1536.5,6,3,209.57
Massons_trichrome,C56-1,subdiaphragmatic,anterior,F,1536.5,6,4,153.33
Massons_trichrome,C56-1,subdiaphragmatic,anterior,F,1536.5,6,5,13.86
Massons_trichrome,C56-1,subdiaphragmatic,anterior,F,1536.5,6,6,121.7
Massons_trichrome,C58-1,subdiaphragmatic,anterior,F,1417.3,13,1,197.6
Massons_trichrome,C58-1,subdiaphragmatic,anterior,F,1417.3,13,2,6.8
Massons_trichrome,C58-1,subdiaphragmatic,anterior,F,1417.3,13,3,46.92
Massons_trichrome,C58-1,subdiaphragmatic,anterior,F,1417.3,13,4,92.08
Massons_trichrome,C58-1,subdiaphragmatic,anterior,F,1417.3,13,5,117.32
Massons_trichrome,C58-1,subdiaphragmatic,anterior,F,1417.3,13,6,81.2
Massons_trichrome,C58-1,subdiaphragmatic,anterior,F,1417.3,13,7,126.36
Massons_trichrome,C58-1,subdiaphragmatic,anterior,F,1417.3,13,8,114.67
Massons_trichrome,C58-1,subdiaphragmatic,anterior,F,1417.3,13,9,68.51
Massons_trichrome,C58-1,subdiaphragmatic,anterior,F,1417.3,13,10,162.58
Massons_trichrome,C58-1,subdiaphragmatic,anterior,F,1417.3,13,11,63.19
Massons_trichrome,C58-1,subdiaphragmatic,anterior,F,1417.3,13,12,107.36
Massons_trichrome,C58-1,subdiaphragmatic,anterior,F,1417.3,13,13,66.97
Massons_trichrome,C63-1,subdiaphragmatic,anterior,F,1353.3,2,1,583.85
Massons_trichrome,C63-1,subdiaphragmatic,anterior,F,1353.3,2,2,105.64
Massons_trichrome,C65-1,subdiaphragmatic,anterior,F,1622.2,2,1,383.28
Massons_trichrome,C65-1,subdiaphragmatic,anterior,F,1622.2,2,2,531.84
Massons_trichrome,P11-1,cervical,left,M,2045.4,46,1,218.37
Massons_trichrome,P11-1,cervical,left,M,2045.4,46,2,402.55
Massons_trichrome,P11-1,cervical,left,M,2045.4,46,3,438.55
Massons_trichrome,P11-1,cervical,left,M,2045.4,46,4,207.81
Massons_trichrome,P11-1,cervical,left,M,2045.4,46,5,274.92
Massons_trichrome,P11-1,cervical,left,M,2045.4,46,6,239.53
Massons_trichrome,P11-1,cervical,left,M,2045.4,46,7,218.98
Massons_trichrome,P11-1,cervical,left,M,2045.4,46,8,187.69
Massons_trichrome,P11-1,cervical,left,M,2045.4,46,9,171.51
Massons_trichrome,P11-1,cervical,left,M,2045.4,46,10,265.3
Massons_trichrome,P11-1,cervical,left,M,2045.4,46,11,149.26
Massons_trichrome,P11-1,cervical,left,M,2045.4,46,12,260.72
Massons_trichrome,P11-1,cervical,left,M,2045.4,46,13,166.87
Massons_trichrome,P11-1,cervical,left,M,2045.4,46,14,306.74
Massons_trichrome,P11-1,cervical,left,M,2045.4,46,15,106.13
Massons_trichrome,P11-1,cervical,left,M,2045.4,46,16,217.07
Massons_trichrome,P11-1,cervical,left,M,2045.4,46,17,126.12
Massons_trichrome,P11-1,cervical,left,M,2045.4,46,18,209.55
Massons_trichrome,P11-1,cervical,left,M,2045.4,46,19,223.07
Massons_trichrome,P11-1,cervical,left,M,2045.4,46,20,220.17
Massons_trichrome,P11-1,cervical,left,M,2045.4,46,21,128.05
Massons_trichrome,P11-1,cervical,left,M,2045.4,46,22,219.65
Massons_trichrome,P11-1,cervical,left,M,2045.4,46,23,190.94
Massons_trichrome,P11-1,cervical,left,M,2045.4,46,24,253.56
Massons_trichrome,P11-1,cervical,left,M,2045.4,46,25,231.71
Massons_trichrome,P11-1,cervical,left,M,2045.4,46,26,106.77
Massons_trichrome,P11-1,cervical,left,M,2045.4,46,27,176.18
Massons_trichrome,P11-1,cervical,left,M,2045.4,46,28,235.19
Massons_trichrome,P11-1,cervical,left,M,2045.4,46,29,141.43
Massons_trichrome,P11-1,cervical,left,M,2045.4,46,30,321.57
Massons_trichrome,P11-1,cervical,left,M,2045.4,46,31,78.68
Massons_trichrome,P11-1,cervical,left,M,2045.4,46,32,153.71
Massons_trichrome,P11-1,cervical,left,M,2045.4,46,33,136.25
Massons_trichrome,P11-1,cervical,left,M,2045.4,46,34,534.69
Massons_trichrome,P11-1,cervical,left,M,2045.4,46,35,102.75
Massons_trichrome,P11-1,cervical,left,M,2045.4,46,36,204.55
Massons_trichrome,P11-1,cervical,left,M,2045.4,46,37,183.4
Massons_trichrome,P11-1,cervical,left,M,2045.4,46,38,237.08
Massons_trichrome,P11-1,cervical,left,M,2045.4,46,39,195.23
Massons_trichrome,P11-1,cervical,left,M,2045.4,46,40,132.08
Massons_trichrome,P11-1,cervical,left,M,2045.4,46,41,119.63
Massons_trichrome,P11-1,cervical,left,M,2045.4,46,42,181.1
Massons_trichrome,P11-1,cervical,left,M,2045.4,46,43,261.06
Massons_trichrome,P11-1,cervical,left,M,2045.4,46,44,265.62
Massons_trichrome,P11-1,cervical,left,M,2045.4,46,45,193.69
Massons_trichrome,P11-1,cervical,left,M,2045.4,46,46,186.36
Massons_trichrome,P12-1,cervical,left,M,2193.9,57,1,271.5
Massons_trichrome,P12-1,cervical,left,M,2193.9,57,2,318.64
Massons_trichrome,P12-1,cervical,left,M,2193.9,57,3,183.79
Massons_trichrome,P12-1,cervical,left,M,2193.9,57,4,99.77
Massons_trichrome,P12-1,cervical,left,M,2193.9,57,5,56.73
Massons_trichrome,P12-1,cervical,left,M,2193.9,57,6,205.61
Massons_trichrome,P12-1,cervical,left,M,2193.9,57,7,182.45
Massons_trichrome,P12-1,cervical,left,M,2193.9,57,8,266.66
Massons_trichrome,P12-1,cervical,left,M,2193.9,57,9,252.41
Massons_trichrome,P12-1,cervical,left,M,2193.9,57,10,247.12
Massons_trichrome,P12-1,cervical,left,M,2193.9,57,11,242.88
Massons_trichrome,P12-1,cervical,left,M,2193.9,57,12,153.65
Massons_trichrome,P12-1,cervical,left,M,2193.9,57,13,259.76
Massons_trichrome,P12-1,cervical,left,M,2193.9,57,14,163.42
Massons_trichrome,P12-1,cervical,left,M,2193.9,57,15,339.18
Massons_trichrome,P12-1,cervical,left,M,2193.9,57,16,289.02
Massons_trichrome,P12-1,cervical,left,M,2193.9,57,17,173.48
Massons_trichrome,P12-1,cervical,left,M,2193.9,57,18,347.54
Massons_trichrome,P12-1,cervical,left,M,2193.9,57,19,200.42
Massons_trichrome,P12-1,cervical,left,M,2193.9,57,20,293.23
Massons_trichrome,P12-1,cervical,left,M,2193.9,57,21,336.99
Massons_trichrome,P12-1,cervical,left,M,2193.9,57,22,351.97
Massons_trichrome,P12-1,cervical,left,M,2193.9,57,23,100.31
Massons_trichrome,P12-1,cervical,left,M,2193.9,57,24,323.15
Massons_trichrome,P12-1,cervical,left,M,2193.9,57,25,208.69
Massons_trichrome,P12-1,cervical,left,M,2193.9,57,26,259.54
Massons_trichrome,P12-1,cervical,left,M,2193.9,57,27,259.42
Massons_trichrome,P12-1,cervical,left,M,2193.9,57,28,272.3
Massons_trichrome,P12-1,cervical,left,M,2193.9,57,29,236.22
Massons_trichrome,P12-1,cervical,left,M,2193.9,57,30,137.04
Massons_trichrome,P12-1,cervical,left,M,2193.9,57,31,235.37
Massons_trichrome,P12-1,cervical,left,M,2193.9,57,32,364.97
Massons_trichrome,P12-1,cervical,left,M,2193.9,57,33,280.46
Massons_trichrome,P12-1,cervical,left,M,2193.9,57,34,231.2
Massons_trichrome,P12-1,cervical,left,M,2193.9,57,35,197.42
Massons_trichrome,P12-1,cervical,left,M,2193.9,57,36,294.21
Massons_trichrome,P12-1,cervical,left,M,2193.9,57,37,326.81
Massons_trichrome,P12-1,cervical,left,M,2193.9,57,38,337.99
Massons_trichrome,P12-1,cervical,left,M,2193.9,57,39,130.1
Massons_trichrome,P12-1,cervical,left,M,2193.9,57,40,200.1
Massons_trichrome,P12-1,cervical,left,M,2193.9,57,41,107.14
Massons_trichrome,P12-1,cervical,left,M,2193.9,57,42,391.41
Massons_trichrome,P12-1,cervical,left,M,2193.9,57,43,230.02
Massons_trichrome,P12-1,cervical,left,M,2193.9,57,44,182.98
Massons_trichrome,P12-1,cervical,left,M,2193.9,57,45,322.5
Massons_trichrome,P12-1,cervical,left,M,2193.9,57,46,137.31
Massons_trichrome,P12-1,cervical,left,M,2193.9,57,47,206.39
Massons_trichrome,P12-1,cervical,left,M,2193.9,57,48,325.39
Massons_trichrome,P12-1,cervical,left,M,2193.9,57,49,172.65
Massons_trichrome,P12-1,cervical,left,M,2193.9,57,50,204.16
Massons_trichrome,P12-1,cervical,left,M,2193.9,57,51,170.49
Massons_trichrome,P12-1,cervical,left,M,2193.9,57,52,151.31
Massons_trichrome,P12-1,cervical,left,M,2193.9,57,53,176.82
Massons_trichrome,P12-1,cervical,left,M,2193.9,57,54,150.7
Massons_trichrome,P12-1,cervical,left,M,2193.9,57,55,181.28
Massons_trichrome,P12-1,cervical,left,M,2193.9,57,56,322.74
Massons_trichrome,P12-1,cervical,left,M,2193.9,57,57,252.74
Massons_trichrome,P13-1,cervical,left,M,2025.5,57,1,190.93
Massons_trichrome,P13-1,cervical,left,M,2025.5,57,2,242.71
Massons_trichrome,P13-1,cervical,left,M,2025.5,57,3,457.41
Massons_trichrome,P13-1,cervical,left,M,2025.5,57,4,151.61
Massons_trichrome,P13-1,cervical,left,M,2025.5,57,5,234.91
Massons_trichrome,P13-1,cervical,left,M,2025.5,57,6,86.5
Massons_trichrome,P13-1,cervical,left,M,2025.5,57,7,217.53
Massons_trichrome,P13-1,cervical,left,M,2025.5,57,8,201.8
Massons_trichrome,P13-1,cervical,left,M,2025.5,57,9,108.1
Massons_trichrome,P13-1,cervical,left,M,2025.5,57,10,138.45
Massons_trichrome,P13-1,cervical,left,M,2025.5,57,11,181.64
Massons_trichrome,P13-1,cervical,left,M,2025.5,57,12,187.54
Massons_trichrome,P13-1,cervical,left,M,2025.5,57,13,202.66
Massons_trichrome,P13-1,cervical,left,M,2025.5,57,14,118.33
Massons_trichrome,P13-1,cervical,left,M,2025.5,57,15,162.36
Massons_trichrome,P13-1,cervical,left,M,2025.5,57,16,307.99
Massons_trichrome,P13-1,cervical,left,M,2025.5,57,17,149.26
Massons_trichrome,P13-1,cervical,left,M,2025.5,57,18,204.47
Massons_trichrome,P13-1,cervical,left,M,2025.5,57,19,261.54
Massons_trichrome,P13-1,cervical,left,M,2025.5,57,20,189.37
Massons_trichrome,P13-1,cervical,left,M,2025.5,57,21,155.7
Massons_trichrome,P13-1,cervical,left,M,2025.5,57,22,157.48
Massons_trichrome,P13-1,cervical,left,M,2025.5,57,23,138.93
Massons_trichrome,P13-1,cervical,left,M,2025.5,57,24,279.33
Massons_trichrome,P13-1,cervical,left,M,2025.5,57,25,166.27
Massons_trichrome,P13-1,cervical,left,M,2025.5,57,26,156.08
Massons_trichrome,P13-1,cervical,left,M,2025.5,57,27,161.26
Massons_trichrome,P13-1,cervical,left,M,2025.5,57,28,150.66
Massons_trichrome,P13-1,cervical,left,M,2025.5,57,29,211.97
Massons_trichrome,P13-1,cervical,left,M,2025.5,57,30,173.57
Massons_trichrome,P13-1,cervical,left,M,2025.5,57,31,245.06
Massons_trichrome,P13-1,cervical,left,M,2025.5,57,32,191.37
Massons_trichrome,P13-1,cervical,left,M,2025.5,57,33,243.15
Massons_trichrome,P13-1,cervical,left,M,2025.5,57,34,175.04
Massons_trichrome,P13-1,cervical,left,M,2025.5,57,35,361.71
Massons_trichrome,P13-1,cervical,left,M,2025.5,57,36,334.37
Massons_trichrome,P13-1,cervical,left,M,2025.5,57,37,315.52
Massons_trichrome,P13-1,cervical,left,M,2025.5,57,38,222.52
Massons_trichrome,P13-1,cervical,left,M,2025.5,57,39,138.58
Massons_trichrome,P13-1,cervical,left,M,2025.5,57,40,144.79
Massons_trichrome,P13-1,cervical,left,M,2025.5,57,41,161.02
Massons_trichrome,P13-1,cervical,left,M,2025.5,57,42,191.68
Massons_trichrome,P13-1,cervical,left,M,2025.5,57,43,245.4
Massons_trichrome,P13-1,cervical,left,M,2025.5,57,44,172.39
Massons_trichrome,P13-1,cervical,left,M,2025.5,57,45,121.96
Massons_trichrome,P13-1,cervical,left,M,2025.5,57,46,174.31
Massons_trichrome,P13-1,cervical,left,M,2025.5,57,47,170.15
Massons_trichrome,P13-1,cervical,left,M,2025.5,57,48,119.72
Massons_trichrome,P13-1,cervical,left,M,2025.5,57,49,160.98
Massons_trichrome,P13-1,cervical,left,M,2025.5,57,50,209.13
Massons_trichrome,P13-1,cervical,left,M,2025.5,57,51,211.31
Massons_trichrome,P13-1,cervical,left,M,2025.5,57,52,175.81
Massons_trichrome,P13-1,cervical,left,M,2025.5,57,53,425.18
Massons_trichrome,P13-1,cervical,left,M,2025.5,57,54,186.47
Massons_trichrome,P13-1,cervical,left,M,2025.5,57,55,264.71
Massons_trichrome,P13-1,cervical,left,M,2025.5,57,56,142.11
Massons_trichrome,P13-1,cervical,left,M,2025.5,57,57,198.0
Massons_trichrome,P5-1,cervical,left,F,1965.8,32,1,324.22
Massons_trichrome,P5-1,cervical,left,F,1965.8,32,2,363.89
Massons_trichrome,P5-1,cervical,left,F,1965.8,32,3,300.91
Massons_trichrome,P5-1,cervical,left,F,1965.8,32,4,406.08
Massons_trichrome,P5-1,cervical,left,F,1965.8,32,5,235.25
Massons_trichrome,P5-1,cervical,left,F,1965.8,32,6,170.34
Massons_trichrome,P5-1,cervical,left,F,1965.8,32,7,456.21
Massons_trichrome,P5-1,cervical,left,F,1965.8,32,8,236.48
Massons_trichrome,P5-1,cervical,left,F,1965.8,32,9,304.32
Massons_trichrome,P5-1,cervical,left,F,1965.8,32,10,327.47
Massons_trichrome,P5-1,cervical,left,F,1965.8,32,11,188.91
Massons_trichrome,P5-1,cervical,left,F,1965.8,32,12,326.2
Massons_trichrome,P5-1,cervical,left,F,1965.8,32,13,217.39
Massons_trichrome,P5-1,cervical,left,F,1965.8,32,14,70.85
Massons_trichrome,P5-1,cervical,left,F,1965.8,32,15,277.72
Massons_trichrome,P5-1,cervical,left,F,1965.8,32,16,173.77
Massons_trichrome,P5-1,cervical,left,F,1965.8,32,17,215.87
Massons_trichrome,P5-1,cervical,left,F,1965.8,32,18,80.56
Massons_trichrome,P5-1,cervical,left,F,1965.8,32,19,279.15
Massons_trichrome,P5-1,cervical,left,F,1965.8,32,20,207.2
Massons_trichrome,P5-1,cervical,left,F,1965.8,32,21,282.99
Massons_trichrome,P5-1,cervical,left,F,1965.8,32,22,192.39
Massons_trichrome,P5-1,cervical,left,F,1965.8,32,23,177.91
Massons_trichrome,P5-1,cervical,left,F,1965.8,32,24,147.18
Massons_trichrome,P5-1,cervical,left,F,1965.8,32,25,280.84
Massons_trichrome,P5-1,cervical,left,F,1965.8,32,26,215.18
Massons_trichrome,P5-1,cervical,left,F,1965.8,32,27,141.93
Massons_trichrome,P5-1,cervical,left,F,1965.8,32,28,124.35
Massons_trichrome,P5-1,cervical,left,F,1965.8,32,29,214.97
Massons_trichrome,P5-1,cervical,left,F,1965.8,32,30,141.96
Massons_trichrome,P5-1,cervical,left,F,1965.8,32,31,111.35
Massons_trichrome,P5-1,cervical,left,F,1965.8,32,32,114.71
Massons_trichrome,P6-7,cervical,left,F,2613.7,43,1,226.46
Massons_trichrome,P6-7,cervical,left,F,2613.7,43,2,263.32
Massons_trichrome,P6-7,cervical,left,F,2613.7,43,3,173.36
Massons_trichrome,P6-7,cervical,left,F,2613.7,43,4,335.09
Massons_trichrome,P6-7,cervical,left,F,2613.7,43,5,353.75
Massons_trichrome,P6-7,cervical,left,F,2613.7,43,6,339.71
Massons_trichrome,P6-7,cervical,left,F,2613.7,43,7,355.78
Massons_trichrome,P6-7,cervical,left,F,2613.7,43,8,342.14
Massons_trichrome,P6-7,cervical,left,F,2613.7,43,9,213.38
Massons_trichrome,P6-7,cervical,left,F,2613.7,43,10,153.53
Massons_trichrome,P6-7,cervical,left,F,2613.7,43,11,270.1
Massons_trichrome,P6-7,cervical,left,F,2613.7,43,12,236.77
Massons_trichrome,P6-7,cervical,left,F,2613.7,43,13,227.39
Massons_trichrome,P6-7,cervical,left,F,2613.7,43,14,188.6
Massons_trichrome,P6-7,cervical,left,F,2613.7,43,15,167.56
Massons_trichrome,P6-7,cervical,left,F,2613.7,43,16,311.41
Massons_trichrome,P6-7,cervical,left,F,2613.7,43,17,156.8
Massons_trichrome,P6-7,cervical,left,F,2613.7,43,18,213.28
Massons_trichrome,P6-7,cervical,left,F,2613.7,43,19,190.89
Massons_trichrome,P6-7,cervical,left,F,2613.7,43,20,365.47
Massons_trichrome,P6-7,cervical,left,F,2613.7,43,21,231.03
Massons_trichrome,P6-7,cervical,left,F,2613.7,43,22,553.29
Massons_trichrome,P6-7,cervical,left,F,2613.7,43,23,320.26
Massons_trichrome,P6-7,cervical,left,F,2613.7,43,24,288.96
Massons_trichrome,P6-7,cervical,left,F,2613.7,43,25,316.18
Massons_trichrome,P6-7,cervical,left,F,2613.7,43,26,250.99
Massons_trichrome,P6-7,cervical,left,F,2613.7,43,27,186.68
Massons_trichrome,P6-7,cervical,left,F,2613.7,43,28,186.59
Massons_trichrome,P6-7,cervical,left,F,2613.7,43,29,267.87
Massons_trichrome,P6-7,cervical,left,F,2613.7,43,30,348.41
Massons_trichrome,P6-7,cervical,left,F,2613.7,43,31,184.49
Massons_trichrome,P6-7,cervical,left,F,2613.7,43,32,133.28
Massons_trichrome,P6-7,cervical,left,F,2613.7,43,33,129.24
Massons_trichrome,P6-7,cervical,left,F,2613.7,43,34,64.03
Massons_trichrome,P6-7,cervical,left,F,2613.7,43,35,101.71
Massons_trichrome,P6-7,cervical,left,F,2613.7,43,36,219.81
Massons_trichrome,P6-7,cervical,left,F,2613.7,43,37,154.73
Massons_trichrome,P6-7,cervical,left,F,2613.7,43,38,156.53
Massons_trichrome,P6-7,cervical,left,F,2613.7,43,39,184.09
Massons_trichrome,P6-7,cervical,left,F,2613.7,43,40,252.46
Massons_trichrome,P6-7,cervical,left,F,2613.7,43,41,216.51
Massons_trichrome,P6-7,cervical,left,F,2613.7,43,42,220.56
Massons_trichrome,P6-7,cervical,left,F,2613.7,43,43,293.76
Massons_trichrome,P8-7,cervical,left,F,2214.1,43,1,128.61
Massons_trichrome,P8-7,cervical,left,F,2214.1,43,2,122.58
Massons_trichrome,P8-7,cervical,left,F,2214.1,43,3,84.56
Massons_trichrome,P8-7,cervical,left,F,2214.1,43,4,140.65
Massons_trichrome,P8-7,cervical,left,F,2214.1,43,5,113.12
Massons_trichrome,P8-7,cervical,left,F,2214.1,43,6,101.28
Massons_trichrome,P8-7,cervical,left,F,2214.1,43,7,100.35
Massons_trichrome,P8-7,cervical,left,F,2214.1,43,8,194.97
Massons_trichrome,P8-7,cervical,left,F,2214.1,43,9,237.61
Massons_trichrome,P8-7,cervical,left,F,2214.1,43,10,205.93
Massons_trichrome,P8-7,cervical,left,F,2214.1,43,11,239.59
Massons_trichrome,P8-7,cervical,left,F,2214.1,43,12,200.23
Massons_trichrome,P8-7,cervical,left,F,2214.1,43,13,306.95
Massons_trichrome,P8-7,cervical,left,F,2214.1,43,14,253.09
Massons_trichrome,P8-7,cervical,left,F,2214.1,43,15,219.11
Massons_trichrome,P8-7,cervical,left,F,2214.1,43,16,158.36
Massons_trichrome,P8-7,cervical,left,F,2214.1,43,17,102.77
Massons_trichrome,P8-7,cervical,left,F,2214.1,43,18,93.68
Massons_trichrome,P8-7,cervical,left,F,2214.1,43,19,189.23
Massons_trichrome,P8-7,cervical,left,F,2214.1,43,20,341.33
Massons_trichrome,P8-7,cervical,left,F,2214.1,43,21,234.93
Massons_trichrome,P8-7,cervical,left,F,2214.1,43,22,248.98
Massons_trichrome,P8-7,cervical,left,F,2214.1,43,23,264.1
Massons_trichrome,P8-7,cervical,left,F,2214.1,43,24,91.44
Massons_trichrome,P8-7,cervical,left,F,2214.1,43,25,289.23
Massons_trichrome,P8-7,cervical,left,F,2214.1,43,26,234.15
Massons_trichrome,P8-7,cervical,left,F,2214.1,43,27,242.86
Massons_trichrome,P8-7,cervical,left,F,2214.1,43,28,352.69
Massons_trichrome,P8-7,cervical,left,F,2214.1,43,29,234.95
Massons_trichrome,P8-7,cervical,left,F,2214.1,43,30,287.26
Massons_trichrome,P8-7,cervical,left,F,2214.1,43,31,105.74
Massons_trichrome,P8-7,cervical,left,F,2214.1,43,32,171.26
Massons_trichrome,P8-7,cervical,left,F,2214.1,43,33,188.01
Massons_trichrome,P8-7,cervical,left,F,2214.1,43,34,301.49
Massons_trichrome,P8-7,cervical,left,F,2214.1,43,35,219.25
Massons_trichrome,P8-7,cervical,left,F,2214.1,43,36,290.8
Massons_trichrome,P8-7,cervical,left,F,2214.1,43,37,232.94
Massons_trichrome,P8-7,cervical,left,F,2214.1,43,38,121.52
Massons_trichrome,P8-7,cervical,left,F,2214.1,43,39,256.38
Massons_trichrome,P8-7,cervical,left,F,2214.1,43,40,229.17
Massons_trichrome,P8-7,cervical,left,F,2214.1,43,41,445.5
Massons_trichrome,P8-7,cervical,left,F,2214.1,43,42,219.1
Massons_trichrome,P8-7,cervical,left,F,2214.1,43,43,276.33
Massons_trichrome,P9-3,cervical,left,F,2348.7,58,1,199.07
Massons_trichrome,P9-3,cervical,left,F,2348.7,58,2,112.85
Massons_trichrome,P9-3,cervical,left,F,2348.7,58,3,177.47
Massons_trichrome,P9-3,cervical,left,F,2348.7,58,4,164.91
Massons_trichrome,P9-3,cervical,left,F,2348.7,58,5,111.59
Massons_trichrome,P9-3,cervical,left,F,2348.7,58,6,199.22
Massons_trichrome,P9-3,cervical,left,F,2348.7,58,7,185.61
Massons_trichrome,P9-3,cervical,left,F,2348.7,58,8,250.78
Massons_trichrome,P9-3,cervical,left,F,2348.7,58,9,208.94
Massons_trichrome,P9-3,cervical,left,F,2348.7,58,10,87.28
Massons_trichrome,P9-3,cervical,left,F,2348.7,58,11,194.8
Massons_trichrome,P9-3,cervical,left,F,2348.7,58,12,135.16
Massons_trichrome,P9-3,cervical,left,F,2348.7,58,13,174.05
Massons_trichrome,P9-3,cervical,left,F,2348.7,58,14,222.31
Massons_trichrome,P9-3,cervical,left,F,2348.7,58,15,228.12
Massons_trichrome,P9-3,cervical,left,F,2348.7,58,16,177.03
Massons_trichrome,P9-3,cervical,left,F,2348.7,58,17,125.81
Massons_trichrome,P9-3,cervical,left,F,2348.7,58,18,239.24
Massons_trichrome,P9-3,cervical,left,F,2348.7,58,19,330.74
Massons_trichrome,P9-3,cervical,left,F,2348.7,58,20,315.17
Massons_trichrome,P9-3,cervical,left,F,2348.7,58,21,216.17
Massons_trichrome,P9-3,cervical,left,F,2348.7,58,22,177.44
Massons_trichrome,P9-3,cervical,left,F,2348.7,58,23,314.89
Massons_trichrome,P9-3,cervical,left,F,2348.7,58,24,211.73
Massons_trichrome,P9-3,cervical,left,F,2348.7,58,25,204.32
Massons_trichrome,P9-3,cervical,left,F,2348.7,58,26,233.08
Massons_trichrome,P9-3,cervical,left,F,2348.7,58,27,224.14
Massons_trichrome,P9-3,cervical,left,F,2348.7,58,28,295.88
Massons_trichrome,P9-3,cervical,left,F,2348.7,58,29,283.4
Massons_trichrome,P9-3,cervical,left,F,2348.7,58,30,294.45
Massons_trichrome,P9-3,cervical,left,F,2348.7,58,31,157.45
Massons_trichrome,P9-3,cervical,left,F,2348.7,58,32,229.05
Massons_trichrome,P9-3,cervical,left,F,2348.7,58,33,269.01
Massons_trichrome,P9-3,cervical,left,F,2348.7,58,34,67.91
Massons_trichrome,P9-3,cervical,left,F,2348.7,58,35,321.48
Massons_trichrome,P9-3,cervical,left,F,2348.7,58,36,193.89
Massons_trichrome,P9-3,cervical,left,F,2348.7,58,37,236.02
Massons_trichrome,P9-3,cervical,left,F,2348.7,58,38,384.11
Massons_trichrome,P9-3,cervical,left,F,2348.7,58,39,347.5
Massons_trichrome,P9-3,cervical,left,F,2348.7,58,40,67.81
Massons_trichrome,P9-3,cervical,left,F,2348.7,58,41,190.93
Massons_trichrome,P9-3,cervical,left,F,2348.7,58,42,185.49
Massons_trichrome,P9-3,cervical,left,F,2348.7,58,43,261.74
Massons_trichrome,P9-3,cervical,left,F,2348.7,58,44,199.46
Massons_trichrome,P9-3,cervical,left,F,2348.7,58,45,232.69
Massons_trichrome,P9-3,cervical,left,F,2348.7,58,46,140.28
Massons_trichrome,P9-3,cervical,left,F,2348.7,58,47,167.75
Massons_trichrome,P9-3,cervical,left,F,2348.7,58,48,243.44
Massons_trichrome,P9-3,cervical,left,F,2348.7,58,49,113.83
Massons_trichrome,P9-3,cervical,left,F,2348.7,58,50,230.96
Massons_trichrome,P9-3,cervical,left,F,2348.7,58,51,163.87
Massons_trichrome,P9-3,cervical,left,F,2348.7,58,52,162.04
Massons_trichrome,P9-3,cervical,left,F,2348.7,58,53,212.1
Massons_trichrome,P9-3,cervical,left,F,2348.7,58,54,198.12
Massons_trichrome,P9-3,cervical,left,F,2348.7,58,55,168.9
Massons_trichrome,P9-3,cervical,left,F,2348.7,58,56,363.55
Massons_trichrome,P9-3,cervical,left,F,2348.7,58,57,200.32
Massons_trichrome,P9-3,cervical,left,F,2348.7,58,58,217.67
Massons_trichrome,P14-2,cervical,left,F,2177.2,39,1,233.03
Massons_trichrome,P14-2,cervical,left,F,2177.2,39,2,164.88
Massons_trichrome,P14-2,cervical,left,F,2177.2,39,3,137.22
Massons_trichrome,P14-2,cervical,left,F,2177.2,39,4,223.0
Massons_trichrome,P14-2,cervical,left,F,2177.2,39,5,167.08
Massons_trichrome,P14-2,cervical,left,F,2177.2,39,6,248.42
Massons_trichrome,P14-2,cervical,left,F,2177.2,39,7,148.69
Massons_trichrome,P14-2,cervical,left,F,2177.2,39,8,203.54
Massons_trichrome,P14-2,cervical,left,F,2177.2,39,9,103.98
Massons_trichrome,P14-2,cervical,left,F,2177.2,39,10,260.7
Massons_trichrome,P14-2,cervical,left,F,2177.2,39,11,173.1
Massons_trichrome,P14-2,cervical,left,F,2177.2,39,12,195.59
Massons_trichrome,P14-2,cervical,left,F,2177.2,39,13,261.56
Massons_trichrome,P14-2,cervical,left,F,2177.2,39,14,217.19
Massons_trichrome,P14-2,cervical,left,F,2177.2,39,15,154.05
Massons_trichrome,P14-2,cervical,left,F,2177.2,39,16,269.04
Massons_trichrome,P14-2,cervical,left,F,2177.2,39,17,224.08
Massons_trichrome,P14-2,cervical,left,F,2177.2,39,18,216.64
Massons_trichrome,P14-2,cervical,left,F,2177.2,39,19,268.92
Massons_trichrome,P14-2,cervical,left,F,2177.2,39,20,393.64
Massons_trichrome,P14-2,cervical,left,F,2177.2,39,21,83.54
Massons_trichrome,P14-2,cervical,left,F,2177.2,39,22,156.59
Massons_trichrome,P14-2,cervical,left,F,2177.2,39,23,295.73
Massons_trichrome,P14-2,cervical,left,F,2177.2,39,24,203.48
Massons_trichrome,P14-2,cervical,left,F,2177.2,39,25,262.86
Massons_trichrome,P14-2,cervical,left,F,2177.2,39,26,304.26
Massons_trichrome,P14-2,cervical,left,F,2177.2,39,27,252.79
Massons_trichrome,P14-2,cervical,left,F,2177.2,39,28,159.69
Massons_trichrome,P14-2,cervical,left,F,2177.2,39,29,270.81
Massons_trichrome,P14-2,cervical,left,F,2177.2,39,30,144.4
Massons_trichrome,P14-2,cervical,left,F,2177.2,39,31,282.69
Massons_trichrome,P14-2,cervical,left,F,2177.2,39,32,133.86
Massons_trichrome,P14-2,cervical,left,F,2177.2,39,33,241.15
Massons_trichrome,P14-2,cervical,left,F,2177.2,39,34,152.78
Massons_trichrome,P14-2,cervical,left,F,2177.2,39,35,304.24
Massons_trichrome,P14-2,cervical,left,F,2177.2,39,36,223.94
Massons_trichrome,P14-2,cervical,left,F,2177.2,39,37,77.81
Massons_trichrome,P14-2,cervical,left,F,2177.2,39,38,272.77
Massons_trichrome,P14-2,cervical,left,F,2177.2,39,39,7.56
Massons_trichrome,P15-2,cervical,left,F,2173.6,35,1,289.16
Massons_trichrome,P15-2,cervical,left,F,2173.6,35,2,354.31
Massons_trichrome,P15-2,cervical,left,F,2173.6,35,3,286.05
Massons_trichrome,P15-2,cervical,left,F,2173.6,35,4,293.34
Massons_trichrome,P15-2,cervical,left,F,2173.6,35,5,74.38
Massons_trichrome,P15-2,cervical,left,F,2173.6,35,6,284.6
Massons_trichrome,P15-2,cervical,left,F,2173.6,35,7,165.08
Massons_trichrome,P15-2,cervical,left,F,2173.6,35,8,214.64
Massons_trichrome,P15-2,cervical,left,F,2173.6,35,9,296.6
Massons_trichrome,P15-2,cervical,left,F,2173.6,35,10,260.78
Massons_trichrome,P15-2,cervical,left,F,2173.6,35,11,278.26
Massons_trichrome,P15-2,cervical,left,F,2173.6,35,12,243.54
Massons_trichrome,P15-2,cervical,left,F,2173.6,35,13,132.53
Massons_trichrome,P15-2,cervical,left,F,2173.6,35,14,141.25
Massons_trichrome,P15-2,cervical,left,F,2173.6,35,15,294.46
Massons_trichrome,P15-2,cervical,left,F,2173.6,35,16,251.42
Massons_trichrome,P15-2,cervical,left,F,2173.6,35,17,237.25
Massons_trichrome,P15-2,cervical,left,F,2173.6,35,18,260.34
Massons_trichrome,P15-2,cervical,left,F,2173.6,35,19,130.99
Massons_trichrome,P15-2,cervical,left,F,2173.6,35,20,157.61
Massons_trichrome,P15-2,cervical,left,F,2173.6,35,21,211.85
Massons_trichrome,P15-2,cervical,left,F,2173.6,35,22,263.3
Massons_trichrome,P15-2,cervical,left,F,2173.6,35,23,255.52
Massons_trichrome,P15-2,cervical,left,F,2173.6,35,24,271.66
Massons_trichrome,P15-2,cervical,left,F,2173.6,35,25,209.28
Massons_trichrome,P15-2,cervical,left,F,2173.6,35,26,89.79
Massons_trichrome,P15-2,cervical,left,F,2173.6,35,27,234.12
Massons_trichrome,P15-2,cervical,left,F,2173.6,35,28,261.34
Massons_trichrome,P15-2,cervical,left,F,2173.6,35,29,190.62
Massons_trichrome,P15-2,cervical,left,F,2173.6,35,30,292.08
Massons_trichrome,P15-2,cervical,left,F,2173.6,35,31,526.04
Massons_trichrome,P15-2,cervical,left,F,2173.6,35,32,245.59
Massons_trichrome,P15-2,cervical,left,F,2173.6,35,33,395.25
Massons_trichrome,P15-2,cervical,left,F,2173.6,35,34,341.47
Massons_trichrome,P15-2,cervical,left,F,2173.6,35,35,239.6
Massons_trichrome,P11-3,subdiaphragmatic,anterior,M,1448.8,31,1,82.04
Massons_trichrome,P11-3,subdiaphragmatic,anterior,M,1448.8,31,2,73.27
Massons_trichrome,P11-3,subdiaphragmatic,anterior,M,1448.8,31,3,94.36
Massons_trichrome,P11-3,subdiaphragmatic,anterior,M,1448.8,31,4,91.58
Massons_trichrome,P11-3,subdiaphragmatic,anterior,M,1448.8,31,5,120.11
Massons_trichrome,P11-3,subdiaphragmatic,anterior,M,1448.8,31,6,117.0
Massons_trichrome,P11-3,subdiaphragmatic,anterior,M,1448.8,31,7,188.95
Massons_trichrome,P11-3,subdiaphragmatic,anterior,M,1448.8,31,8,297.03
Massons_trichrome,P11-3,subdiaphragmatic,anterior,M,1448.8,31,9,100.7
Massons_trichrome,P11-3,subdiaphragmatic,anterior,M,1448.8,31,10,103.24
Massons_trichrome,P11-3,subdiaphragmatic,anterior,M,1448.8,31,11,214.64
Massons_trichrome,P11-3,subdiaphragmatic,anterior,M,1448.8,31,12,107.42
Massons_trichrome,P11-3,subdiaphragmatic,anterior,M,1448.8,31,13,138.6
Massons_trichrome,P11-3,subdiaphragmatic,anterior,M,1448.8,31,14,103.3
Massons_trichrome,P11-3,subdiaphragmatic,anterior,M,1448.8,31,15,81.27
Massons_trichrome,P11-3,subdiaphragmatic,anterior,M,1448.8,31,16,217.63
Massons_trichrome,P11-3,subdiaphragmatic,anterior,M,1448.8,31,17,256.5
Massons_trichrome,P11-3,subdiaphragmatic,anterior,M,1448.8,31,18,147.93
Massons_trichrome,P11-3,subdiaphragmatic,anterior,M,1448.8,31,19,64.62
Massons_trichrome,P11-3,subdiaphragmatic,anterior,M,1448.8,31,20,141.63
Massons_trichrome,P11-3,subdiaphragmatic,anterior,M,1448.8,31,21,277.73
Massons_trichrome,P11-3,subdiaphragmatic,anterior,M,1448.8,31,22,225.69
Massons_trichrome,P11-3,subdiaphragmatic,anterior,M,1448.8,31,23,107.21
Massons_trichrome,P11-3,subdiaphragmatic,anterior,M,1448.8,31,24,188.73
Massons_trichrome,P11-3,subdiaphragmatic,anterior,M,1448.8,31,25,265.66
Massons_trichrome,P11-3,subdiaphragmatic,anterior,M,1448.8,31,26,51.65
Massons_trichrome,P11-3,subdiaphragmatic,anterior,M,1448.8,31,27,147.01
Massons_trichrome,P11-3,subdiaphragmatic,anterior,M,1448.8,31,28,149.09
Massons_trichrome,P11-3,subdiaphragmatic,anterior,M,1448.8,31,29,91.01
Massons_trichrome,P11-3,subdiaphragmatic,anterior,M,1448.8,31,30,205.09
Massons_trichrome,P11-3,subdiaphragmatic,anterior,M,1448.8,31,31,94.66
Massons_trichrome,P12-3,subdiaphragmatic,anterior,M,1412.9,40,1,94.26
Massons_trichrome,P12-3,subdiaphragmatic,anterior,M,1412.9,40,2,168.75
Massons_trichrome,P12-3,subdiaphragmatic,anterior,M,1412.9,40,3,235.85
Massons_trichrome,P12-3,subdiaphragmatic,anterior,M,1412.9,40,4,131.07
Massons_trichrome,P12-3,subdiaphragmatic,anterior,M,1412.9,40,5,97.01
Massons_trichrome,P12-3,subdiaphragmatic,anterior,M,1412.9,40,6,138.39
Massons_trichrome,P12-3,subdiaphragmatic,anterior,M,1412.9,40,7,138.32
Massons_trichrome,P12-3,subdiaphragmatic,anterior,M,1412.9,40,8,187.24
Massons_trichrome,P12-3,subdiaphragmatic,anterior,M,1412.9,40,9,209.9
Massons_trichrome,P12-3,subdiaphragmatic,anterior,M,1412.9,40,10,78.83
Massons_trichrome,P12-3,subdiaphragmatic,anterior,M,1412.9,40,11,116.11
Massons_trichrome,P12-3,subdiaphragmatic,anterior,M,1412.9,40,12,127.64
Massons_trichrome,P12-3,subdiaphragmatic,anterior,M,1412.9,40,13,111.3
Massons_trichrome,P12-3,subdiaphragmatic,anterior,M,1412.9,40,14,59.04
Massons_trichrome,P12-3,subdiaphragmatic,anterior,M,1412.9,40,15,92.06
Massons_trichrome,P12-3,subdiaphragmatic,anterior,M,1412.9,40,16,188.27
Massons_trichrome,P12-3,subdiaphragmatic,anterior,M,1412.9,40,17,200.81
Massons_trichrome,P12-3,subdiaphragmatic,anterior,M,1412.9,40,18,136.11
Massons_trichrome,P12-3,subdiaphragmatic,anterior,M,1412.9,40,19,213.53
Massons_trichrome,P12-3,subdiaphragmatic,anterior,M,1412.9,40,20,181.41
Massons_trichrome,P12-3,subdiaphragmatic,anterior,M,1412.9,40,21,204.32
Massons_trichrome,P12-3,subdiaphragmatic,anterior,M,1412.9,40,22,276.66
Massons_trichrome,P12-3,subdiaphragmatic,anterior,M,1412.9,40,23,109.8
Massons_trichrome,P12-3,subdiaphragmatic,anterior,M,1412.9,40,24,114.34
Massons_trichrome,P12-3,subdiaphragmatic,anterior,M,1412.9,40,25,153.13
Massons_trichrome,P12-3,subdiaphragmatic,anterior,M,1412.9,40,26,179.77
Massons_trichrome,P12-3,subdiaphragmatic,anterior,M,1412.9,40,27,175.92
Massons_trichrome,P12-3,subdiaphragmatic,anterior,M,1412.9,40,28,149.91
Massons_trichrome,P12-3,subdiaphragmatic,anterior,M,1412.9,40,29,73.81
Massons_trichrome,P12-3,subdiaphragmatic,anterior,M,1412.9,40,30,163.66
Massons_trichrome,P12-3,subdiaphragmatic,anterior,M,1412.9,40,31,99.71
Massons_trichrome,P12-3,subdiaphragmatic,anterior,M,1412.9,40,32,186.92
Massons_trichrome,P12-3,subdiaphragmatic,anterior,M,1412.9,40,33,149.14
Massons_trichrome,P12-3,subdiaphragmatic,anterior,M,1412.9,40,34,202.3
Massons_trichrome,P12-3,subdiaphragmatic,anterior,M,1412.9,40,35,143.63
Massons_trichrome,P12-3,subdiaphragmatic,anterior,M,1412.9,40,36,97.12
Massons_trichrome,P12-3,subdiaphragmatic,anterior,M,1412.9,40,37,158.13
Massons_trichrome,P12-3,subdiaphragmatic,anterior,M,1412.9,40,38,103.76
Massons_trichrome,P12-3,subdiaphragmatic,anterior,M,1412.9,40,39,94.91
Massons_trichrome,P12-3,subdiaphragmatic,anterior,M,1412.9,40,40,199.68
Massons_trichrome,P13-3,subdiaphragmatic,anterior,M,1468.3,42,1,138.58
Massons_trichrome,P13-3,subdiaphragmatic,anterior,M,1468.3,42,2,177.05
Massons_trichrome,P13-3,subdiaphragmatic,anterior,M,1468.3,42,3,133.25
Massons_trichrome,P13-3,subdiaphragmatic,anterior,M,1468.3,42,4,91.87
Massons_trichrome,P13-3,subdiaphragmatic,anterior,M,1468.3,42,5,288.16
Massons_trichrome,P13-3,subdiaphragmatic,anterior,M,1468.3,42,6,266.45
Massons_trichrome,P13-3,subdiaphragmatic,anterior,M,1468.3,42,7,139.9
Massons_trichrome,P13-3,subdiaphragmatic,anterior,M,1468.3,42,8,64.08
Massons_trichrome,P13-3,subdiaphragmatic,anterior,M,1468.3,42,9,371.85
Massons_trichrome,P13-3,subdiaphragmatic,anterior,M,1468.3,42,10,125.72
Massons_trichrome,P13-3,subdiaphragmatic,anterior,M,1468.3,42,11,103.35
Massons_trichrome,P13-3,subdiaphragmatic,anterior,M,1468.3,42,12,157.73
Massons_trichrome,P13-3,subdiaphragmatic,anterior,M,1468.3,42,13,128.93
Massons_trichrome,P13-3,subdiaphragmatic,anterior,M,1468.3,42,14,110.49
Massons_trichrome,P13-3,subdiaphragmatic,anterior,M,1468.3,42,15,136.86
Massons_trichrome,P13-3,subdiaphragmatic,anterior,M,1468.3,42,16,185.05
Massons_trichrome,P13-3,subdiaphragmatic,anterior,M,1468.3,42,17,140.49
Massons_trichrome,P13-3,subdiaphragmatic,anterior,M,1468.3,42,18,174.9
Massons_trichrome,P13-3,subdiaphragmatic,anterior,M,1468.3,42,19,52.44
Massons_trichrome,P13-3,subdiaphragmatic,anterior,M,1468.3,42,20,107.43
Massons_trichrome,P13-3,subdiaphragmatic,anterior,M,1468.3,42,21,47.61
Massons_trichrome,P13-3,subdiaphragmatic,anterior,M,1468.3,42,22,133.33
Massons_trichrome,P13-3,subdiaphragmatic,anterior,M,1468.3,42,23,147.41
Massons_trichrome,P13-3,subdiaphragmatic,anterior,M,1468.3,42,24,164.65
Massons_trichrome,P13-3,subdiaphragmatic,anterior,M,1468.3,42,25,70.58
Massons_trichrome,P13-3,subdiaphragmatic,anterior,M,1468.3,42,26,90.49
Massons_trichrome,P13-3,subdiaphragmatic,anterior,M,1468.3,42,27,115.27
Massons_trichrome,P13-3,subdiaphragmatic,anterior,M,1468.3,42,28,195.79
Massons_trichrome,P13-3,subdiaphragmatic,anterior,M,1468.3,42,29,106.41
Massons_trichrome,P13-3,subdiaphragmatic,anterior,M,1468.3,42,30,195.65
Massons_trichrome,P13-3,subdiaphragmatic,anterior,M,1468.3,42,31,199.76
Massons_trichrome,P13-3,subdiaphragmatic,anterior,M,1468.3,42,32,84.58
Massons_trichrome,P13-3,subdiaphragmatic,anterior,M,1468.3,42,33,125.34
Massons_trichrome,P13-3,subdiaphragmatic,anterior,M,1468.3,42,34,166.96
Massons_trichrome,P13-3,subdiaphragmatic,anterior,M,1468.3,42,35,99.57
Massons_trichrome,P13-3,subdiaphragmatic,anterior,M,1468.3,42,36,116.26
Massons_trichrome,P13-3,subdiaphragmatic,anterior,M,1468.3,42,37,112.11
Massons_trichrome,P13-3,subdiaphragmatic,anterior,M,1468.3,42,38,169.76
Massons_trichrome,P13-3,subdiaphragmatic,anterior,M,1468.3,42,39,101.53
Massons_trichrome,P13-3,subdiaphragmatic,anterior,M,1468.3,42,40,137.56
Massons_trichrome,P13-3,subdiaphragmatic,anterior,M,1468.3,42,41,130.87
Massons_trichrome,P13-3,subdiaphragmatic,anterior,M,1468.3,42,42,104.61
Massons_trichrome,P4-3,subdiaphragmatic,anterior,F,1859.1,42,1,197.99
Massons_trichrome,P4-3,subdiaphragmatic,anterior,F,1859.1,42,2,139.0
Massons_trichrome,P4-3,subdiaphragmatic,anterior,F,1859.1,42,3,168.8
Massons_trichrome,P4-3,subdiaphragmatic,anterior,F,1859.1,42,4,69.41
Massons_trichrome,P4-3,subdiaphragmatic,anterior,F,1859.1,42,5,115.76
Massons_trichrome,P4-3,subdiaphragmatic,anterior,F,1859.1,42,6,144.7
Massons_trichrome,P4-3,subdiaphragmatic,anterior,F,1859.1,42,7,305.96
Massons_trichrome,P4-3,subdiaphragmatic,anterior,F,1859.1,42,8,175.29
Massons_trichrome,P4-3,subdiaphragmatic,anterior,F,1859.1,42,9,216.54
Massons_trichrome,P4-3,subdiaphragmatic,anterior,F,1859.1,42,10,170.8
Massons_trichrome,P4-3,subdiaphragmatic,anterior,F,1859.1,42,11,212.24
Massons_trichrome,P4-3,subdiaphragmatic,anterior,F,1859.1,42,12,177.89
Massons_trichrome,P4-3,subdiaphragmatic,anterior,F,1859.1,42,13,245.99
Massons_trichrome,P4-3,subdiaphragmatic,anterior,F,1859.1,42,14,67.82
Massons_trichrome,P4-3,subdiaphragmatic,anterior,F,1859.1,42,15,211.79
Massons_trichrome,P4-3,subdiaphragmatic,anterior,F,1859.1,42,16,55.91
Massons_trichrome,P4-3,subdiaphragmatic,anterior,F,1859.1,42,17,63.07
Massons_trichrome,P4-3,subdiaphragmatic,anterior,F,1859.1,42,18,104.3
Massons_trichrome,P4-3,subdiaphragmatic,anterior,F,1859.1,42,19,130.01
Massons_trichrome,P4-3,subdiaphragmatic,anterior,F,1859.1,42,20,92.53
Massons_trichrome,P4-3,subdiaphragmatic,anterior,F,1859.1,42,21,128.02
Massons_trichrome,P4-3,subdiaphragmatic,anterior,F,1859.1,42,22,164.86
Massons_trichrome,P4-3,subdiaphragmatic,anterior,F,1859.1,42,23,160.17
Massons_trichrome,P4-3,subdiaphragmatic,anterior,F,1859.1,42,24,155.44
Massons_trichrome,P4-3,subdiaphragmatic,anterior,F,1859.1,42,25,83.77
Massons_trichrome,P4-3,subdiaphragmatic,anterior,F,1859.1,42,26,160.5
Massons_trichrome,P4-3,subdiaphragmatic,anterior,F,1859.1,42,27,388.25
Massons_trichrome,P4-3,subdiaphragmatic,anterior,F,1859.1,42,28,167.71
Massons_trichrome,P4-3,subdiaphragmatic,anterior,F,1859.1,42,29,170.0
Massons_trichrome,P4-3,subdiaphragmatic,anterior,F,1859.1,42,30,296.32
Massons_trichrome,P4-3,subdiaphragmatic,anterior,F,1859.1,42,31,202.31
Massons_trichrome,P4-3,subdiaphragmatic,anterior,F,1859.1,42,32,99.51
Massons_trichrome,P4-3,subdiaphragmatic,anterior,F,1859.1,42,33,165.71
Massons_trichrome,P4-3,subdiaphragmatic,anterior,F,1859.1,42,34,70.4
Massons_trichrome,P4-3,subdiaphragmatic,anterior,F,1859.1,42,35,128.82
Massons_trichrome,P4-3,subdiaphragmatic,anterior,F,1859.1,42,36,238.66
Massons_trichrome,P4-3,subdiaphragmatic,anterior,F,1859.1,42,37,190.99
Massons_trichrome,P4-3,subdiaphragmatic,anterior,F,1859.1,42,38,249.63
Massons_trichrome,P4-3,subdiaphragmatic,anterior,F,1859.1,42,39,152.36
Massons_trichrome,P4-3,subdiaphragmatic,anterior,F,1859.1,42,40,183.9
Massons_trichrome,P4-3,subdiaphragmatic,anterior,F,1859.1,42,41,230.85
Massons_trichrome,P4-3,subdiaphragmatic,anterior,F,1859.1,42,42,201.82
Massons_trichrome,P5-3,subdiaphragmatic,anterior,F,1770.1,37,1,173.74
Massons_trichrome,P5-3,subdiaphragmatic,anterior,F,1770.1,37,2,292.77
Massons_trichrome,P5-3,subdiaphragmatic,anterior,F,1770.1,37,3,56.72
Massons_trichrome,P5-3,subdiaphragmatic,anterior,F,1770.1,37,4,126.31
Massons_trichrome,P5-3,subdiaphragmatic,anterior,F,1770.1,37,5,226.49
Massons_trichrome,P5-3,subdiaphragmatic,anterior,F,1770.1,37,6,99.99
Massons_trichrome,P5-3,subdiaphragmatic,anterior,F,1770.1,37,7,80.9
Massons_trichrome,P5-3,subdiaphragmatic,anterior,F,1770.1,37,8,114.88
Massons_trichrome,P5-3,subdiaphragmatic,anterior,F,1770.1,37,9,76.77
Massons_trichrome,P5-3,subdiaphragmatic,anterior,F,1770.1,37,10,165.15
Massons_trichrome,P5-3,subdiaphragmatic,anterior,F,1770.1,37,11,164.31
Massons_trichrome,P5-3,subdiaphragmatic,anterior,F,1770.1,37,12,125.34
Massons_trichrome,P5-3,subdiaphragmatic,anterior,F,1770.1,37,13,176.52
Massons_trichrome,P5-3,subdiaphragmatic,anterior,F,1770.1,37,14,149.17
Massons_trichrome,P5-3,subdiaphragmatic,anterior,F,1770.1,37,15,206.36
Massons_trichrome,P5-3,subdiaphragmatic,anterior,F,1770.1,37,16,216.72
Massons_trichrome,P5-3,subdiaphragmatic,anterior,F,1770.1,37,17,172.27
Massons_trichrome,P5-3,subdiaphragmatic,anterior,F,1770.1,37,18,146.61
Massons_trichrome,P5-3,subdiaphragmatic,anterior,F,1770.1,37,19,57.89
Massons_trichrome,P5-3,subdiaphragmatic,anterior,F,1770.1,37,20,109.31
Massons_trichrome,P5-3,subdiaphragmatic,anterior,F,1770.1,37,21,152.28
Massons_trichrome,P5-3,subdiaphragmatic,anterior,F,1770.1,37,22,95.88
Massons_trichrome,P5-3,subdiaphragmatic,anterior,F,1770.1,37,23,145.5
Massons_trichrome,P5-3,subdiaphragmatic,anterior,F,1770.1,37,24,166.38
Massons_trichrome,P5-3,subdiaphragmatic,anterior,F,1770.1,37,25,171.44
Massons_trichrome,P5-3,subdiaphragmatic,anterior,F,1770.1,37,26,131.55
Massons_trichrome,P5-3,subdiaphragmatic,anterior,F,1770.1,37,27,84.57
Massons_trichrome,P5-3,subdiaphragmatic,anterior,F,1770.1,37,28,67.95
Massons_trichrome,P5-3,subdiaphragmatic,anterior,F,1770.1,37,29,255.11
Massons_trichrome,P5-3,subdiaphragmatic,anterior,F,1770.1,37,30,151.09
Massons_trichrome,P5-3,subdiaphragmatic,anterior,F,1770.1,37,31,145.67
Massons_trichrome,P5-3,subdiaphragmatic,anterior,F,1770.1,37,32,148.05
Massons_trichrome,P5-3,subdiaphragmatic,anterior,F,1770.1,37,33,141.91
Massons_trichrome,P5-3,subdiaphragmatic,anterior,F,1770.1,37,34,113.79
Massons_trichrome,P5-3,subdiaphragmatic,anterior,F,1770.1,37,35,87.49
Massons_trichrome,P5-3,subdiaphragmatic,anterior,F,1770.1,37,36,115.52
Massons_trichrome,P5-3,subdiaphragmatic,anterior,F,1770.1,37,37,160.83
Massons_trichrome,P8-1,subdiaphragmatic,anterior,F,1765.6,31,1,199.76
Massons_trichrome,P8-1,subdiaphragmatic,anterior,F,1765.6,31,2,135.67
Massons_trichrome,P8-1,subdiaphragmatic,anterior,F,1765.6,31,3,95.21
Massons_trichrome,P8-1,subdiaphragmatic,anterior,F,1765.6,31,4,238.09
Massons_trichrome,P8-1,subdiaphragmatic,anterior,F,1765.6,31,5,213.78
Massons_trichrome,P8-1,subdiaphragmatic,anterior,F,1765.6,31,6,67.05
Massons_trichrome,P8-1,subdiaphragmatic,anterior,F,1765.6,31,7,209.98
Massons_trichrome,P8-1,subdiaphragmatic,anterior,F,1765.6,31,8,182.67
Massons_trichrome,P8-1,subdiaphragmatic,anterior,F,1765.6,31,9,84.15
Massons_trichrome,P8-1,subdiaphragmatic,anterior,F,1765.6,31,10,237.76
Massons_trichrome,P8-1,subdiaphragmatic,anterior,F,1765.6,31,11,229.64
Massons_trichrome,P8-1,subdiaphragmatic,anterior,F,1765.6,31,12,267.57
Massons_trichrome,P8-1,subdiaphragmatic,anterior,F,1765.6,31,13,126.23
Massons_trichrome,P8-1,subdiaphragmatic,anterior,F,1765.6,31,14,199.23
Massons_trichrome,P8-1,subdiaphragmatic,anterior,F,1765.6,31,15,142.13
Massons_trichrome,P8-1,subdiaphragmatic,anterior,F,1765.6,31,16,64.3
Massons_trichrome,P8-1,subdiaphragmatic,anterior,F,1765.6,31,17,221.7
Massons_trichrome,P8-1,subdiaphragmatic,anterior,F,1765.6,31,18,159.83
Massons_trichrome,P8-1,subdiaphragmatic,anterior,F,1765.6,31,19,132.21
Massons_trichrome,P8-1,subdiaphragmatic,anterior,F,1765.6,31,20,205.26
Massons_trichrome,P8-1,subdiaphragmatic,anterior,F,1765.6,31,21,229.64
Massons_trichrome,P8-1,subdiaphragmatic,anterior,F,1765.6,31,22,238.62
Massons_trichrome,P8-1,subdiaphragmatic,anterior,F,1765.6,31,23,106.94
Massons_trichrome,P8-1,subdiaphragmatic,anterior,F,1765.6,31,24,199.39
Massons_trichrome,P8-1,subdiaphragmatic,anterior,F,1765.6,31,25,72.74
Massons_trichrome,P8-1,subdiaphragmatic,anterior,F,1765.6,31,26,254.24
Massons_trichrome,P8-1,subdiaphragmatic,anterior,F,1765.6,31,27,227.75
Massons_trichrome,P8-1,subdiaphragmatic,anterior,F,1765.6,31,28,176.02
Massons_trichrome,P8-1,subdiaphragmatic,anterior,F,1765.6,31,29,216.73
Massons_trichrome,P8-1,subdiaphragmatic,anterior,F,1765.6,31,30,175.18
Massons_trichrome,P8-1,subdiaphragmatic,anterior,F,1765.6,31,31,63.65
Massons_trichrome,P10-1,subdiaphragmatic,anterior,F,1731.9,29,1,150.6
Massons_trichrome,P10-1,subdiaphragmatic,anterior,F,1731.9,29,2,179.22
Massons_trichrome,P10-1,subdiaphragmatic,anterior,F,1731.9,29,3,97.39
Massons_trichrome,P10-1,subdiaphragmatic,anterior,F,1731.9,29,4,153.8
Massons_trichrome,P10-1,subdiaphragmatic,anterior,F,1731.9,29,5,150.09
Massons_trichrome,P10-1,subdiaphragmatic,anterior,F,1731.9,29,6,285.3
Massons_trichrome,P10-1,subdiaphragmatic,anterior,F,1731.9,29,7,193.07
Massons_trichrome,P10-1,subdiaphragmatic,anterior,F,1731.9,29,8,288.91
Massons_trichrome,P10-1,subdiaphragmatic,anterior,F,1731.9,29,9,177.77
Massons_trichrome,P10-1,subdiaphragmatic,anterior,F,1731.9,29,10,81.97
Massons_trichrome,P10-1,subdiaphragmatic,anterior,F,1731.9,29,11,218.47
Massons_trichrome,P10-1,subdiaphragmatic,anterior,F,1731.9,29,12,221.12
Massons_trichrome,P10-1,subdiaphragmatic,anterior,F,1731.9,29,13,132.61
Massons_trichrome,P10-1,subdiaphragmatic,anterior,F,1731.9,29,14,154.34
Massons_trichrome,P10-1,subdiaphragmatic,anterior,F,1731.9,29,15,190.86
Massons_trichrome,P10-1,subdiaphragmatic,anterior,F,1731.9,29,16,224.2
Massons_trichrome,P10-1,subdiaphragmatic,anterior,F,1731.9,29,17,194.15
Massons_trichrome,P10-1,subdiaphragmatic,anterior,F,1731.9,29,18,196.85
Massons_trichrome,P10-1,subdiaphragmatic,anterior,F,1731.9,29,19,134.04
Massons_trichrome,P10-1,subdiaphragmatic,anterior,F,1731.9,29,20,197.02
Massons_trichrome,P10-1,subdiaphragmatic,anterior,F,1731.9,29,21,255.89
Massons_trichrome,P10-1,subdiaphragmatic,anterior,F,1731.9,29,22,230.55
Massons_trichrome,P10-1,subdiaphragmatic,anterior,F,1731.9,29,23,130.6
Massons_trichrome,P10-1,subdiaphragmatic,anterior,F,1731.9,29,24,144.12
Massons_trichrome,P10-1,subdiaphragmatic,anterior,F,1731.9,29,25,147.39
Massons_trichrome,P10-1,subdiaphragmatic,anterior,F,1731.9,29,26,149.4
Massons_trichrome,P10-1,subdiaphragmatic,anterior,F,1731.9,29,27,171.86
Massons_trichrome,P10-1,subdiaphragmatic,anterior,F,1731.9,29,28,279.91
Massons_trichrome,P10-1,subdiaphragmatic,anterior,F,1731.9,29,29,217.2
Massons_trichrome,P14-3,subdiaphragmatic,anterior,F,1674.8,45,1,165.22
Massons_trichrome,P14-3,subdiaphragmatic,anterior,F,1674.8,45,2,210.18
Massons_trichrome,P14-3,subdiaphragmatic,anterior,F,1674.8,45,3,120.95
Massons_trichrome,P14-3,subdiaphragmatic,anterior,F,1674.8,45,4,165.99
Massons_trichrome,P14-3,subdiaphragmatic,anterior,F,1674.8,45,5,178.94
Massons_trichrome,P14-3,subdiaphragmatic,anterior,F,1674.8,45,6,117.2
Massons_trichrome,P14-3,subdiaphragmatic,anterior,F,1674.8,45,7,132.89
Massons_trichrome,P14-3,subdiaphragmatic,anterior,F,1674.8,45,8,184.41
Massons_trichrome,P14-3,subdiaphragmatic,anterior,F,1674.8,45,9,179.29
Massons_trichrome,P14-3,subdiaphragmatic,anterior,F,1674.8,45,10,117.52
Massons_trichrome,P14-3,subdiaphragmatic,anterior,F,1674.8,45,11,178.76
Massons_trichrome,P14-3,subdiaphragmatic,anterior,F,1674.8,45,12,185.95
Massons_trichrome,P14-3,subdiaphragmatic,anterior,F,1674.8,45,13,210.78
Massons_trichrome,P14-3,subdiaphragmatic,anterior,F,1674.8,45,14,143.15
Massons_trichrome,P14-3,subdiaphragmatic,anterior,F,1674.8,45,15,143.59
Massons_trichrome,P14-3,subdiaphragmatic,anterior,F,1674.8,45,16,174.67
Massons_trichrome,P14-3,subdiaphragmatic,anterior,F,1674.8,45,17,103.86
Massons_trichrome,P14-3,subdiaphragmatic,anterior,F,1674.8,45,18,98.89
Massons_trichrome,P14-3,subdiaphragmatic,anterior,F,1674.8,45,19,157.76
Massons_trichrome,P14-3,subdiaphragmatic,anterior,F,1674.8,45,20,97.16
Massons_trichrome,P14-3,subdiaphragmatic,anterior,F,1674.8,45,21,61.82
Massons_trichrome,P14-3,subdiaphragmatic,anterior,F,1674.8,45,22,135.62
Massons_trichrome,P14-3,subdiaphragmatic,anterior,F,1674.8,45,23,54.79
Massons_trichrome,P14-3,subdiaphragmatic,anterior,F,1674.8,45,24,162.44
Massons_trichrome,P14-3,subdiaphragmatic,anterior,F,1674.8,45,25,85.14
Massons_trichrome,P14-3,subdiaphragmatic,anterior,F,1674.8,45,26,55.03
Massons_trichrome,P14-3,subdiaphragmatic,anterior,F,1674.8,45,27,173.43
Massons_trichrome,P14-3,subdiaphragmatic,anterior,F,1674.8,45,28,223.54
Massons_trichrome,P14-3,subdiaphragmatic,anterior,F,1674.8,45,29,112.79
Massons_trichrome,P14-3,subdiaphragmatic,anterior,F,1674.8,45,30,74.24
Massons_trichrome,P14-3,subdiaphragmatic,anterior,F,1674.8,45,31,142.81
Massons_trichrome,P14-3,subdiaphragmatic,anterior,F,1674.8,45,32,173.35
Massons_trichrome,P14-3,subdiaphragmatic,anterior,F,1674.8,45,33,150.72
Massons_trichrome,P14-3,subdiaphragmatic,anterior,F,1674.8,45,34,79.22
Massons_trichrome,P14-3,subdiaphragmatic,anterior,F,1674.8,45,35,114.58
Massons_trichrome,P14-3,subdiaphragmatic,anterior,F,1674.8,45,36,126.01
Massons_trichrome,P14-3,subdiaphragmatic,anterior,F,1674.8,45,37,231.86
Massons_trichrome,P14-3,subdiaphragmatic,anterior,F,1674.8,45,38,144.57
Massons_trichrome,P14-3,subdiaphragmatic,anterior,F,1674.8,45,39,148.79
Massons_trichrome,P14-3,subdiaphragmatic,anterior,F,1674.8,45,40,95.23
Massons_trichrome,P14-3,subdiaphragmatic,anterior,F,1674.8,45,41,255.02
Massons_trichrome,P14-3,subdiaphragmatic,anterior,F,1674.8,45,42,110.85
Massons_trichrome,P14-3,subdiaphragmatic,anterior,F,1674.8,45,43,120.99
Massons_trichrome,P14-3,subdiaphragmatic,anterior,F,1674.8,45,44,236.38
Massons_trichrome,P14-3,subdiaphragmatic,anterior,F,1674.8,45,45,102.7
Massons_trichrome,P15-3,subdiaphragmatic,anterior,F,1614.8,35,1,81.58
Massons_trichrome,P15-3,subdiaphragmatic,anterior,F,1614.8,35,2,66.46
Massons_trichrome,P15-3,subdiaphragmatic,anterior,F,1614.8,35,3,199.95
Massons_trichrome,P15-3,subdiaphragmatic,anterior,F,1614.8,35,4,229.15
Massons_trichrome,P15-3,subdiaphragmatic,anterior,F,1614.8,35,5,200.08
Massons_trichrome,P15-3,subdiaphragmatic,anterior,F,1614.8,35,6,215.7
Massons_trichrome,P15-3,subdiaphragmatic,anterior,F,1614.8,35,7,250.38
Massons_trichrome,P15-3,subdiaphragmatic,anterior,F,1614.8,35,8,169.98
Massons_trichrome,P15-3,subdiaphragmatic,anterior,F,1614.8,35,9,168.91
Massons_trichrome,P15-3,subdiaphragmatic,anterior,F,1614.8,35,10,184.22
Massons_trichrome,P15-3,subdiaphragmatic,anterior,F,1614.8,35,11,197.47
Massons_trichrome,P15-3,subdiaphragmatic,anterior,F,1614.8,35,12,205.67
Massons_trichrome,P15-3,subdiaphragmatic,anterior,F,1614.8,35,13,153.08
Massons_trichrome,P15-3,subdiaphragmatic,anterior,F,1614.8,35,14,113.02
Massons_trichrome,P15-3,subdiaphragmatic,anterior,F,1614.8,35,15,173.13
Massons_trichrome,P15-3,subdiaphragmatic,anterior,F,1614.8,35,16,107.5
Massons_trichrome,P15-3,subdiaphragmatic,anterior,F,1614.8,35,17,200.77
Massons_trichrome,P15-3,subdiaphragmatic,anterior,F,1614.8,35,18,208.68
Massons_trichrome,P15-3,subdiaphragmatic,anterior,F,1614.8,35,19,235.75
Massons_trichrome,P15-3,subdiaphragmatic,anterior,F,1614.8,35,20,181.43
Massons_trichrome,P15-3,subdiaphragmatic,anterior,F,1614.8,35,21,233.47
Massons_trichrome,P15-3,subdiaphragmatic,anterior,F,1614.8,35,22,115.51
Massons_trichrome,P15-3,subdiaphragmatic,anterior,F,1614.8,35,23,163.69
Massons_trichrome,P15-3,subdiaphragmatic,anterior,F,1614.8,35,24,176.75
Massons_trichrome,P15-3,subdiaphragmatic,anterior,F,1614.8,35,25,291.41
Massons_trichrome,P15-3,subdiaphragmatic,anterior,F,1614.8,35,26,193.27
Massons_trichrome,P15-3,subdiaphragmatic,anterior,F,1614.8,35,27,181.67
Massons_trichrome,P15-3,subdiaphragmatic,anterior,F,1614.8,35,28,138.41
Massons_trichrome,P15-3,subdiaphragmatic,anterior,F,1614.8,35,29,304.53
Massons_trichrome,P15-3,subdiaphragmatic,anterior,F,1614.8,35,30,98.82
Massons_trichrome,P15-3,subdiaphragmatic,anterior,F,1614.8,35,31,239.86
Massons_trichrome,P15-3,subdiaphragmatic,anterior,F,1614.8,35,32,210.42
Massons_trichrome,P15-3,subdiaphragmatic,anterior,F,1614.8,35,33,219.99
Massons_trichrome,P15-3,subdiaphragmatic,anterior,F,1614.8,35,34,245.43
Massons_trichrome,P15-3,subdiaphragmatic,anterior,F,1614.8,35,35,117.63
Massons_trichrome,R16-3,cervical,left,M,293.8,1,1,278.39
Massons_trichrome,R17-3,cervical,left,M,265.5,1,1,251.09
Massons_trichrome,R20-3,cervical,left,M,275.0,1,1,263.5
Massons_trichrome,R23-3,cervical,left,M,294.8,1,1,284.4
Massons_trichrome,R25-3,cervical,left,M,268.9,1,1,255.22
Massons_trichrome,R21-3,cervical,left,F,243.2,1,1,231.68
Massons_trichrome,R22-3,cervical,left,F,245.2,1,1,226.86
Massons_trichrome,R24-3,cervical,left,F,228.1,1,1,216.68
Massons_trichrome,R18-1,cervical,left,F,236.7,1,1,223.64
Massons_trichrome,R16-1,subdiaphragmatic,anterior,M,215.7,2,1,128.93
Massons_trichrome,R16-1,subdiaphragmatic,anterior,M,215.7,2,2,32.12
Massons_trichrome,R17-1,subdiaphragmatic,anterior,M,126.9,1,1,116.8
Massons_trichrome,R25-1,subdiaphragmatic,anterior,M,154.7,1,1,149.14
Massons_trichrome,R23-1,subdiaphragmatic,anterior,M,321.2,2,1,140.9
Massons_trichrome,R23-1,subdiaphragmatic,anterior,M,321.2,2,2,146.24
Massons_trichrome,R20-1,subdiaphragmatic,anterior,M,128.2,1,1,120.79
Massons_trichrome,R21-1,subdiaphragmatic,anterior,F,146.6,1,1,134.09
Massons_trichrome,R26-1,subdiaphragmatic,anterior,F,137.1,1,1,128.92
Massons_trichrome,R24-1,subdiaphragmatic,anterior,F,132.4,1,1,125.04
Massons_trichrome,R22-1,subdiaphragmatic,anterior,F,219.6,3,1,39.15
Massons_trichrome,R22-1,subdiaphragmatic,anterior,F,219.6,3,2,105.77
Massons_trichrome,R22-1,subdiaphragmatic,anterior,F,219.6,3,3,53.86
